N,TFLOPS
1,4.72671022920157e-07
2,3.1851576836290456e-06
3,5.75080769259761e-06
4,2.6220096109697816e-05
5,2.8307667119866505e-05
6,8.97249323864919e-05
7,7.815306111774011e-05
8,0.0002117465264803819
9,0.00016246296253026403
10,0.00041237238189637654
11,0.0005147322905650519
12,0.0006762340139931858
13,0.0008327864290272458
14,0.0010520059228984594
15,0.0012996823864897292
16,0.0017593178107035198
17,0.001976766279894046
18,0.002438543849199484
19,0.002795477583291025
20,0.0032779825502428942
21,0.0036773007674226815
22,0.004259249821271462
23,0.004598540628200899
24,0.005480000079366449
25,0.005905237612702155
26,0.006957031370525192
27,0.007491806938097347
28,0.008575000102769917
29,0.009089084837467032
30,0.010562777161708866
31,0.011025477096469501
32,0.013087177775608767
33,0.011641591835632858
34,0.015067178726222223
35,0.013923357932452366
36,0.017758357209575703
37,0.016428025576687
38,0.020914378082076863
39,0.019333089424052163
40,0.024963557220481825
41,0.022271806139990802
42,0.02864528612770873
43,0.025881184300056426
44,0.03214062522647547
45,0.029771741190975875
46,0.03607338575426109
47,0.03421276230938776
48,0.04121627872054027
49,0.03829719958996464
50,0.04645251961183842
51,0.043391815417732446
52,0.052112539793496795
53,0.04864193840624659
54,0.05893113814596396
55,0.05402912348966528
56,0.06618159462517
57,0.06103129201924581
58,0.07231609856301727
59,0.06750960285469666
60,0.07961002088708581
61,0.07415769090279009
62,0.08808579043920226
63,0.08179352767486701
64,0.0994950359849479
65,0.08716920613492893
66,0.097993091559401
67,0.09626506866610733
68,0.1077274309334827
69,0.10476974975663021
70,0.11812957322335266
71,0.11496896966208914
72,0.13298668352850349
73,0.1237722197421876
74,0.1390116363793225
75,0.1351859804261601
76,0.1446556309561324
77,0.14405983783977508
78,0.16278800652402015
79,0.15484324822925766
80,0.18613340121497748
81,0.1649734776784845
82,0.18305887569438745
83,0.17538212230004524
84,0.19604542371805272
85,0.18652260144313154
86,0.20959934496410268
87,0.20091333351142146
88,0.24344378020401752
89,0.21484541953839376
90,0.2367286991835573
91,0.22630652128979786
92,0.2531903944179702
93,0.24182958738258323
94,0.2690630802016663
95,0.2601074707176206
96,0.3114947337145018
97,0.2873180021261368
98,0.3101387843133101
99,0.30945265757866597
100,0.33531092630964315
101,0.32019280213158907
102,0.3462878535069748
103,0.338806296665876
104,0.39346574124263023
105,0.3548168601387835
106,0.3853419326145833
107,0.3781064959356241
108,0.4110469781995107
109,0.401066460997695
110,0.4391448538069793
111,0.4182264332433754
112,0.4907676178304927
113,0.43823798421248145
114,0.4770502475629184
115,0.46297254887972605
116,0.5055862177175758
117,0.4920282347408361
118,0.5420536790517563
119,0.5159725932059741
120,0.5927884509390646
121,0.5411312312919252
122,0.5925154581806877
123,0.5723302175707027
124,0.6037524988529401
125,0.6021109760533909
126,0.6433133923106994
127,0.6228437142169637
128,0.7049924871558645
129,0.601492990770325
130,0.6452787746606099
131,0.6379425628266887
132,0.67039336959956
133,0.6571129316760888
134,0.705943841812819
135,0.6850493716865362
136,0.8227430929740837
137,0.728950130002669
138,0.7857969057071097
139,0.7777458742794903
140,0.822599967896314
141,0.8181395921299802
142,0.8764174918156621
143,0.8406872450185159
144,0.9777615753291479
145,0.87333058342348
146,0.9284253325821
147,0.9159755404111701
148,0.9690292689543285
149,0.9429179680244404
150,1.0076163487121037
151,0.9678036678718218
152,1.125242498704807
153,0.9954314678331179
154,1.0738817310875195
155,1.0370675614942586
156,1.104171583125806
157,1.0575517662280378
158,1.134774911488223
159,1.1007497137156115
160,1.2555758112330042
161,1.11444979639504
162,1.2206178870592503
163,1.1714778713079863
164,1.2759267359365696
165,1.2302910656664166
166,1.304884357270402
167,1.2623863234680308
168,1.4401838525420727
169,1.311216739763872
170,1.3984761750686117
171,1.3528281808957527
172,1.4408014331841041
173,1.4149496532278638
174,1.4885381069157584
175,1.4451712167227975
176,1.6845595898632173
177,1.4893351889829256
178,1.5951632069008117
179,1.541952842298953
180,1.6583587669683537
181,1.6007494532284607
182,1.6838468483879212
183,1.6344682971015332
184,1.79814344084207
185,1.688539267795477
186,1.8087602166342205
187,1.7492203246409126
188,1.8520508863058562
189,1.7226761009584741
190,1.8840970565481585
191,1.7610282881441375
192,2.2437769154486147
193,1.7375734806512635
194,2.0350943896793394
195,1.7792015895705497
196,2.0813420452471223
197,1.8328539612654482
198,2.1545301443243416
199,1.864010764931881
200,2.33437836194121
201,1.905507611080062
202,2.2620390293385912
203,1.9948416042888604
204,2.368767824652318
205,2.0616149197599505
206,2.424004537030356
207,2.081294574331841
208,2.669525440357374
209,2.1422067045937347
210,2.52587474172579
211,2.1965342361053524
212,2.6069530310503852
213,2.2457505839713514
214,2.68400590335906
215,2.315684933261399
216,2.9310553784359152
217,2.360208128321235
218,2.788182978655544
219,2.40308462211371
220,2.854061529432336
221,2.4843708902398354
222,2.981152665738359
223,2.535064889430088
224,3.3232351241108664
225,2.6470994957207625
226,3.085615750750226
227,2.7254716043018203
228,3.136826980743212
229,2.78592808473275
230,3.236306319407748
231,2.8695073581012895
232,3.5208566381406956
233,2.9217218150661997
234,3.444764771690675
235,2.9923215991507885
236,3.4670651756233775
237,3.0856112147464776
238,3.5539837051775427
239,3.0941873783441998
240,3.9646301563458692
241,3.158956196677462
242,3.5647199999773385
243,3.235507924554541
244,3.6852403612800164
245,3.2909135306226083
246,3.7695181693473665
247,3.291491517290317
248,4.092113466323987
249,3.3722692612520335
250,3.897194732875406
251,3.485804732992263
252,3.9579133884868245
253,3.572668671210526
254,4.041492623733818
255,3.682150740947879
256,4.675962182868617
257,3.3851216907774395
258,3.770206330974875
259,3.504148215535352
260,3.8781740223176975
261,3.5402557948597697
262,3.954630189047725
263,3.508831760486693
264,4.351999951470544
265,3.5505316881056
266,4.058019754295651
267,3.7368437539905623
268,4.146772832215849
269,3.801779154062137
270,4.289004727552183
271,3.8418540055462627
272,4.954266574997728
273,3.959885045386028
274,4.515572568271052
275,4.079889225230872
276,4.595831079107526
277,4.093452537351731
278,4.666345244457516
279,4.210730781809959
280,5.239287863698505
281,4.260618998085064
282,4.875291511649769
283,4.384673128341203
284,4.8719742922790354
285,4.417122619930766
286,5.0365003806968645
287,4.6345481943497715
288,5.757745940269308
289,4.51045867040765
290,5.057242834221973
291,4.63441334387196
292,5.094861154902012
293,4.697227423910476
294,5.244841753371664
295,4.700752270169039
296,5.918060939815049
297,4.751026111035375
298,5.419731392639141
299,4.894573803861516
300,5.455280196167179
301,5.092584143670771
302,5.610637176505578
303,5.058522556099474
304,6.981113320689932
305,5.1702739347259214
306,5.823006249369706
307,5.232870975277485
308,5.9019475469898195
309,5.3873110734249074
310,5.954277232269887
311,5.344549088964903
312,6.901098245122895
313,5.485592233590833
314,6.187897709799338
315,5.59490503995401
316,6.2926874844119025
317,5.73329077008909
318,6.379251663231754
319,5.717603721967519
320,8.014732906377109
321,5.032936927479637
322,6.046156279141273
323,5.223565650882751
324,6.1214167574860685
325,5.283923559239768
326,6.348276218453254
327,5.235240869711156
328,8.011329743258667
329,5.292528156700103
330,6.472526236887667
331,5.556059871543911
332,6.501957918994916
333,5.5766939030557126
334,6.61112337653392
335,5.645103019016714
336,8.474543814850673
337,5.783416751875668
338,6.926371863932673
339,5.954782924806846
340,6.950609845919156
341,6.029452126782686
342,7.194778226116201
343,6.129485802559393
344,8.819924474202958
345,6.141211792452383
346,7.34976225379605
347,6.209603991579151
348,7.310682864200581
349,6.3174826334113625
350,7.3694270816542815
351,6.456044715755591
352,11.49307929039725
353,7.546105594276863
354,7.7105970246631195
355,7.571490874010214
356,7.734949054943433
357,7.6755493357400955
358,8.038525286022546
359,7.697087745696749
360,11.496622640783226
361,7.772505129021714
362,8.132835718254562
363,7.972339247632292
364,8.125727959360388
365,8.073899615587084
366,8.297353645332395
367,8.120420094535463
368,12.547207445119149
369,8.29038331392541
370,8.661330231376933
371,8.484155064244945
372,8.706558085890787
373,8.709918823613231
374,8.904861866950952
375,8.62566448911073
376,12.664677315705632
377,8.688950165356871
378,8.93375116916649
379,8.909995022718043
380,9.141149086414098
381,9.057593964322045
382,9.40361647495375
383,7.763386066574918
384,14.338806613037493
385,7.631786366015755
386,10.70933420573603
387,7.933515013457957
388,10.549100345084838
389,7.998846455734995
390,11.03014955950421
391,7.853726653989017
392,13.98586252138335
393,7.994929308387327
394,11.053906453308008
395,8.340203999490399
396,11.498452056942801
397,8.402094435608738
398,11.673552402595924
399,8.358446586226826
400,15.977912799292055
401,8.455592241805451
402,11.756113896187442
403,8.784466033861719
404,12.217812846223346
405,8.781813304712282
406,12.435393031530705
407,8.897920336810053
408,15.525000437075208
409,8.966717764009724
410,12.533048938464507
411,9.098903132945592
412,12.75226012825739
413,9.325633192960796
414,12.98348955329289
415,9.461771668182186
416,17.447707906743858
417,9.474625657548323
418,12.829832829049838
419,9.587523587177994
420,13.280028405107304
421,9.672635290721411
422,13.44294640569449
423,9.539626720206005
424,17.100736109309562
425,10.07083633834594
426,13.699025369001742
427,10.17765250491642
428,13.708052784780909
429,10.431404786600398
430,14.348911509775919
431,10.609613292398146
432,19.823064090948098
433,10.677074604316878
434,14.555079833964289
435,10.868720556093955
436,14.90855645573183
437,10.98503232810288
438,14.839430614250531
439,10.962695489084242
440,19.030277128206233
441,11.228740118862394
442,15.46595372963329
443,11.412356317269117
444,15.676517430045044
445,11.50792028870609
446,15.95706182274512
447,11.630050873784029
448,21.812289980320084
449,10.875580753489155
450,16.355048485823033
451,11.489710928951594
452,16.54206565415383
453,11.515368993047614
454,16.83230860784595
455,11.338073633169184
456,19.833643217729787
457,11.586899652473187
458,17.069358203298034
459,12.112229112646428
460,17.423096413978424
461,12.112646090743947
462,17.34844420312488
463,12.15008384728669
464,23.506558586951428
465,12.200058334295456
466,17.813365567971445
467,12.58185520512198
468,17.83974850620768
469,12.622640557530216
470,18.057522875447848
471,12.665496825520872
472,21.744945679194455
473,12.894088133841828
474,18.68193204969437
475,13.168559443288302
476,18.843407771091265
477,13.394205503861512
478,18.96177868377081
479,13.43395041504277
480,25.278510826786164
481,13.552905721363867
482,19.28702235890124
483,13.957838632268198
484,19.388397538914596
485,14.112178691302327
486,19.60193487198684
487,13.88417490299148
488,23.04104922544834
489,14.02956115665621
490,19.872345727159804
491,14.381972562735521
492,20.129570471383193
493,14.510715057683194
494,20.36299906634967
495,14.680761616504473
496,27.609429406710646
497,14.73094330648717
498,21.159880358268676
499,15.246904979613836
500,21.451476999777622
501,15.403456369619576
502,21.800466159137265
503,15.253969863394218
504,24.426272717258886
505,15.343594673293468
506,21.651388880201534
507,15.907270666729561
508,22.419368401781618
509,16.165578936317836
510,22.609595157763124
511,15.996198449478639
512,29.5856087026146
513,13.294306882449778
514,21.333265495010107
515,13.134809842849904
516,22.102120798665112
517,12.936992807823232
518,22.17116097740431
519,12.550428285340734
520,21.558537564981638
521,12.955183537487981
522,22.29101629924248
523,13.514671910064257
524,22.696868653517914
525,12.972405593289082
526,22.296678351349367
527,12.886715362537707
528,25.80689659441755
529,13.436250410518724
530,23.26159700306211
531,13.804850067916432
532,23.646353022589313
533,13.461606291621012
534,23.344113459860377
535,13.245522423191831
536,22.364508430839184
537,13.648402657359656
538,24.452744009604395
539,14.217926790375714
540,24.418351257129874
541,13.98427468297975
542,24.73324601681782
543,14.04239311247142
544,28.490000174432858
545,14.297069454870385
546,25.029559603529737
547,14.143204379130736
548,25.428878260942557
549,13.817926680202321
550,25.507828165254818
551,13.65272806834093
552,23.561479039840794
553,13.588327038270315
554,25.884095396244376
555,13.872245584006317
556,25.54419082700374
557,14.07222781562457
558,25.79200610783993
559,13.71414711207742
560,29.66486419909327
561,14.690926969346885
562,26.055081841016882
563,14.896904320957942
564,26.527188089131727
565,14.715639328858252
566,26.466946650247085
567,14.531589770993635
568,23.92106095792771
569,15.09345287470248
570,26.89704798830367
571,15.551155024365409
572,27.425153652004052
573,15.087814699719285
574,27.39128216168899
575,15.051583732379038
576,32.17655094108561
577,15.318906647238762
578,22.831211509642205
579,15.715674321490408
580,23.121984602308174
581,15.828620318978281
582,23.266474856606745
583,15.504735505704893
584,26.50576928118497
585,15.752229440347719
586,23.460376134697423
587,16.666701241108935
588,24.131391920006816
589,16.454901909190205
590,23.99928189562624
591,16.15678677811006
592,33.35381753001051
593,16.530453593103516
594,24.490375378773486
595,17.098481162106108
596,24.660933069915174
597,16.98354891396621
598,25.117302330603632
599,18.583702439389842
600,27.74944411149561
601,18.757991558199812
602,26.77011874546124
603,19.03588746444063
604,26.232758852583576
605,19.180166213707665
606,27.140631595923416
607,19.286544709012105
608,29.45748210119511
609,18.904176458052326
610,27.096054354436657
611,19.053640058538043
612,27.12736441550784
613,19.110338360062627
614,27.927782871898778
615,18.88130397557866
616,29.431880781625647
617,19.041571462823754
618,28.663968706351504
619,19.351103580684622
620,28.675044802282805
621,19.43312390784687
622,29.034129102247526
623,19.441304353475804
624,30.833600654848055
625,19.42614554346064
626,29.692541098541504
627,19.95085379903177
628,29.85474292924076
629,20.052887453995503
630,30.266413582153437
631,19.97868045575685
632,31.80125502060227
633,20.062438506628457
634,30.876258810293795
635,20.361236526186605
636,31.28658294546895
637,20.463704971785223
638,31.581282378671208
639,20.504019801856124
640,33.94616212059744
641,17.12449450814399
642,22.680756102665207
643,17.41664768533924
644,22.955147840117785
645,17.57996093468971
646,23.3449574315458
647,17.37880768451975
648,33.673464158642865
649,17.43822618626347
650,32.04138177822652
651,18.280992294972357
652,32.345323258658325
653,18.251811973187163
654,32.25223013546633
655,17.696766462683048
656,35.71832084108463
657,17.881046463532684
658,32.667751952621295
659,18.52609949266723
660,33.23658908606287
661,18.58012300457676
662,33.28689022436663
663,18.274747445287932
664,36.07574546398585
665,18.334141389870915
666,33.57797855173125
667,18.978061434558334
668,33.95694369871554
669,19.27751193392265
670,34.51021317381975
671,19.127350276562957
672,38.555157081624294
673,18.909065044588594
674,26.09578271046456
675,19.33253996374237
676,26.532056363382065
677,19.363395805618296
678,26.626076497961023
679,18.720922139633625
680,37.53667170111903
681,22.806168826220624
682,27.181235418828415
683,23.001926426614496
684,27.54126303351729
685,23.35094968699842
686,27.450007275351023
687,23.103495964113137
688,47.50837202074828
689,23.20741343640875
690,27.450066992578602
691,23.602854949961788
692,27.885624076248384
693,24.398749281094805
694,27.875042081242324
695,23.847539815281944
696,40.06560043351478
697,23.889410136672158
698,27.97945987636829
699,24.6195889050055
700,28.319592785961596
701,24.664366281929233
702,28.307877925240284
703,24.742043430347767
704,51.13395178610997
705,25.20246887672832
706,29.706220615511526
707,25.53488032273912
708,29.94797239408003
709,25.634571643728428
710,29.90596950310237
711,24.87183715147395
712,40.783329646883296
713,25.13754923609407
714,29.527001296253882
715,26.32824726995699
716,30.07367419419727
717,26.310053560927475
718,29.912553835295952
719,26.254703120759025
720,53.731749500183014
721,26.573583543849697
722,30.251293206656758
723,26.79227404060363
724,30.45849039756376
725,26.893922181645305
726,30.34412668866207
727,26.654216777067138
728,42.54606449038467
729,26.64759368645427
730,30.799753854649
731,27.126942986051535
732,30.72041807550933
733,27.342907825228703
734,31.046537231658544
735,27.72634760143776
736,56.85363737566723
737,27.947492363482326
738,31.324422424266672
739,27.918175440283953
740,31.86278246873767
741,28.109282944183022
742,31.75034458217571
743,28.13690599367641
744,44.87240465861251
745,20.605973366731543
746,31.694206117679542
747,20.93058349729144
748,32.29849569814559
749,21.213545566849046
750,32.19769518862348
751,21.06566332610835
752,57.96784170318505
753,21.0622516365019
754,32.470690393932095
755,21.31261568852416
756,33.00360940140677
757,21.81345683149987
758,32.54509899074823
759,21.375661846094356
760,45.34138090476155
761,21.61433449255941
762,32.72296475802726
763,22.087050080722083
764,33.07625009297112
765,22.23486942812862
766,33.12521131768995
767,22.56030637496105
768,60.302454527916986
769,22.59898302581185
770,36.671582453288735
771,22.61336950821627
772,36.83027358710346
773,22.66213912005903
774,36.10456604085877
775,22.494783983683604
776,41.906821755385884
777,22.351120085690265
778,36.64334535304084
779,23.110354950197976
780,37.21213193941108
781,23.09014187991196
782,37.09846556984082
783,23.12537270387403
784,43.95682690872877
785,23.326044718887175
786,37.19268265955405
787,23.57463146893665
788,37.55662440378726
789,23.475788095781333
790,37.71789268135277
791,23.700873646618692
792,43.66512112278654
793,23.802174604241703
794,38.07575933134269
795,23.97788702247236
796,38.38721096644336
797,24.268560287707984
798,38.18509527559441
799,23.76122521935029
800,46.48687010674132
801,24.904747377187952
802,38.590878261155616
803,24.805878564905438
804,38.581229245991786
805,24.855275380791948
806,38.824109494140515
807,24.89523603499541
808,51.00885635946142
809,25.149103288068613
810,39.640115696566745
811,25.519631241950805
812,40.386052452036466
813,25.886604674089487
814,40.3369293112822
815,25.838654864902917
816,58.00241396185616
817,25.942963273179384
818,40.81466064333098
819,26.43789684290784
820,41.72711749933895
821,27.015479469510996
822,41.379883297465724
823,26.167083377944618
824,53.7607032436872
825,26.22813623023403
826,41.848513375610516
827,27.118657980789084
828,42.00428979075259
829,27.434245221227894
830,42.252704824570436
831,27.294294048214716
832,61.91911821882058
833,26.64890261526138
834,42.59878228370544
835,26.96966640617307
836,42.6944403654813
837,26.86587195890011
838,42.939326413505846
839,26.23534963255718
840,55.4069698475013
841,26.168862722730157
842,43.34414694647715
843,27.334021676014697
844,43.49042122297726
845,27.211191847039004
846,43.35224270431086
847,26.621585401498052
848,64.06361532622962
849,26.84460652645018
850,43.29342789666523
851,27.55380410811996
852,43.441733995102126
853,27.595701543338464
854,43.85842387613686
855,27.422904058849387
856,57.15122263008582
857,27.620799795278558
858,44.35324413089845
859,28.249715365010243
860,44.839478240164944
861,28.56825031024829
862,45.27973196601143
863,29.117401688287497
864,67.10161163613769
865,29.211198590646003
866,45.39161972876302
867,29.00350444516373
868,45.76952640093791
869,29.09774637941672
870,45.93431819293999
871,28.81488145283449
872,57.35192832049775
873,28.976848992000523
874,47.025681976664224
875,29.644591607273625
876,47.57577573308533
877,29.848674655983157
878,47.755241285798455
879,29.615049853850362
880,60.16597595576071
881,29.824209282688273
882,48.046785849905945
883,30.55500539726025
884,48.69921847755444
885,31.278607563634967
886,48.948757768827974
887,30.115132704498507
888,59.959724731823414
889,30.450578515612023
890,49.366075699375436
891,31.58385614358652
892,50.10302616716399
893,31.962015520411086
894,50.25729868783066
895,32.159553806567004
896,63.529708749522065
897,31.72687338052527
898,52.2780575596076
899,32.21655512646659
900,52.07558046355576
901,32.08564714439808
902,52.02617947830069
903,31.575867330357774
904,61.92690824486463
905,31.327577176626896
906,51.9044571939176
907,32.7517144052738
908,52.893189709188114
909,32.66428257163389
910,52.79928142926599
911,32.34172452641945
912,64.7811363376584
913,32.59582928682377
914,52.14944286586366
915,33.2611879177946
916,53.024354950709075
917,33.09102770241638
918,53.19627320860404
919,33.0548506664851
920,63.737506253368764
921,33.26449617439565
922,53.08516993662195
923,33.481673920762816
924,53.018502425354576
925,33.87994353174524
926,53.462904118580205
927,34.81971033224838
928,68.25012419159786
929,34.962868003049905
930,53.56443238208344
931,34.439381782191944
932,53.92691322965989
933,34.471774556631615
934,54.59474880713072
935,34.729790825692774
936,68.17884951552374
937,34.861226952451396
938,55.49545061803212
939,34.97408025000481
940,55.61558435611906
941,35.252659891635
942,55.74457573235495
943,35.21299899680374
944,71.38804520246072
945,35.35756460836703
946,55.493210485501976
947,35.46424360976706
948,55.947688517238994
949,35.80767207989497
950,55.746099868701364
951,35.0930313614888
952,69.63535978296086
953,35.25405452609678
954,56.10168278789109
955,36.001227701638
956,56.44204340517096
957,36.09146618220528
958,56.345676058016814
959,36.50613819306936
960,73.38852888251373
961,35.770548978047174
962,56.908536474723995
963,35.80056959335307
964,56.85715653971751
965,35.825195096632015
966,55.86401338288129
967,35.49025099619609
968,71.23505494289408
969,35.47154348384049
970,57.357079050286586
971,36.56489400539139
972,58.56790219822565
973,36.46146933417215
974,58.79425042809261
975,36.6441615409262
976,76.00059821061728
977,36.85216557127621
978,59.40064562145181
979,37.538654886040646
980,60.58087324857231
981,37.580295542991884
982,60.02622250083355
983,37.791673305121726
984,74.2063543455108
985,37.93413891950831
986,60.76176950690958
987,38.31867777135301
988,62.173175120756945
989,38.84464936968995
990,61.56719641831273
991,39.72939389572858
992,79.34015169749655
993,39.895637597799805
994,61.95237680986903
995,39.496024758601045
996,62.408283870888205
997,39.70794497072884
998,62.689960002449794
999,39.35185154196369
1000,74.04673420597882
1001,39.4579520367924
1002,63.51085999517332
1003,40.50429397794232
1004,64.60981118622266
1005,40.99548604839715
1006,63.75928279162813
1007,40.365008689691024
1008,81.82623176897161
1009,40.1860000190185
1010,66.3848402146236
1011,45.828222282289815
1012,67.30253149283105
1013,46.68229028137309
1014,67.66499887054935
1015,44.04861672761026
1016,76.63613905395735
1017,44.598374897578935
1018,68.86278375502611
1019,48.350214758422105
1020,69.95731538900877
1021,48.52588219202485
1022,70.04290700251617
1023,47.28040359132995
1024,86.24879816908658
1025,37.220579056061894
1026,68.68825873100465
1027,37.85247696522085
1028,69.2492750769003
1029,37.88219097512656
1030,69.28271729775457
1031,36.12965988169693
1032,73.47444272411018
1033,36.059175825438786
1034,69.70411848980824
1035,38.091019859321094
1036,70.69834130118797
1037,38.188934804029046
1038,69.76074872247295
1039,36.17673718301044
1040,86.41836790421034
1041,36.441680859373236
1042,69.82017373134704
1043,38.21354806207902
1044,70.39784655721249
1045,38.135436899001576
1046,70.4019526497299
1047,36.63783060271551
1048,74.74233454392119
1049,36.79749338614671
1050,70.72434585912481
1051,38.202865405877155
1052,71.61987045189925
1053,38.02300370218792
1054,71.50131089101993
1055,38.849733385314686
1056,89.38506761116535
1057,38.393408686419036
1058,72.26660859660798
1059,37.6401774514245
1060,72.48094824932481
1061,37.365536086602354
1062,72.71333000848571
1063,36.9396452478395
1064,77.0967616611465
1065,36.89316112313296
1066,73.14002704439625
1067,36.964241279341984
1068,73.5797554215547
1069,37.41982810587804
1070,73.46199200022942
1071,36.72980951583322
1072,93.25810828509444
1073,36.849480841706296
1074,74.0990375060543
1075,37.16340015965399
1076,73.97749094462273
1077,37.419277184686614
1078,73.77317143510028
1079,36.16794613497015
1080,77.74080523037797
1081,36.25068847798575
1082,74.75773737118726
1083,37.076179171207876
1084,74.85248967415639
1085,36.909670155645244
1086,74.7182656545804
1087,36.05379491288998
1088,95.0056018666138
1089,35.509625275124336
1090,74.16945059831289
1091,35.58471070965712
1092,74.54404889255261
1093,35.19944614624391
1094,74.81624921214845
1095,33.72938824190879
1096,78.67064068661847
1097,33.51611326943318
1098,75.24125473816221
1099,35.13321639647137
1100,76.33590061929185
1101,35.15552226529014
1102,76.64615123507019
1103,34.800696733918386
1104,98.2109958201021
1105,35.41548243488591
1106,77.48324764046123
1107,36.21317504181387
1108,77.9409055630605
1109,36.29347892725707
1110,78.2552685874704
1111,35.77407927357712
1112,79.65345565816165
1113,36.11009080167492
1114,78.94043358634616
1115,36.72909943434368
1116,79.5139488650197
1117,37.080334280855794
1118,80.07263445582494
1119,37.47519208134624
1120,102.09864434771114
1121,37.36504006344947
1122,80.48545791553863
1123,36.8814538024982
1124,80.76935188781908
1125,37.065829459881094
1126,80.8859638099288
1127,36.37516366327618
1128,83.17968732968836
1129,36.84234475439103
1130,82.08796310665446
1131,37.87288485209876
1132,82.07341139963334
1133,38.37818045969782
1134,82.41520304593195
1135,37.121276230404085
1136,104.34015519037405
1137,37.66533357260717
1138,83.13886100522784
1139,38.99599776137614
1140,84.38340182009206
1141,39.74805028828732
1142,84.2095475360617
1143,37.782386280995254
1144,84.42243243735437
1145,38.35604437451112
1146,84.98189274498195
1147,39.78592831348925
1148,85.54443848842182
1149,40.08381240715489
1150,86.50499500242243
1151,39.2326025614965
1152,108.19998105173798
1153,39.469112651224506
1154,59.97196575300548
1155,40.671678840118496
1156,60.4430109636825
1157,40.65458924039408
1158,60.29227149296838
1159,39.2799114836967
1160,79.57363538662807
1161,39.55532490568144
1162,60.67175663051802
1163,40.68378274942894
1164,61.194124137856804
1165,40.71432295328938
1166,61.21107175579985
1167,40.21741545641357
1168,85.7306078365147
1169,40.3053027955838
1170,61.79250219037795
1171,41.165576938956896
1172,62.191115823917
1173,41.262986056548506
1174,61.95748644398442
1175,40.661866992694826
1176,80.88621779094247
1177,40.76402869923056
1178,61.831568823404396
1179,41.64107787010333
1180,62.276924404411375
1181,41.71070466171492
1182,61.91882262373678
1183,41.94205222610402
1184,73.7848566925961
1185,42.28579055719919
1186,62.69909397181076
1187,42.55763258127374
1188,62.84504403084147
1189,42.68591291776007
1190,63.10355361488434
1191,42.273987294474544
1192,70.87420140891834
1193,42.34691882470956
1194,63.773295685722076
1195,43.24630122252594
1196,64.5046157300701
1197,42.829623037726485
1198,64.28262990335865
1199,41.64448439863793
1200,80.35425053483279
1201,41.84435325882027
1202,64.18834569139325
1203,42.91392839085985
1204,64.77267282530237
1205,44.789544338586715
1206,64.31827857273382
1207,42.11482119968821
1208,64.4887108212347
1209,42.393528566189744
1210,64.84970422106319
1211,44.49509667817498
1212,65.43564810849311
1213,44.54065606273179
1214,65.80073580615431
1215,42.91122861966667
1216,95.03540016356052
1217,42.90489082982242
1218,65.66676279538459
1219,44.31629282727337
1220,65.84869614525293
1221,44.216183948458124
1222,65.63956914398968
1223,42.24155507827789
1224,86.47109690083609
1225,42.44016967554137
1226,64.28989111234549
1227,44.78758421990156
1228,64.42313372857703
1229,44.26299458528666
1230,64.27065955864401
1231,42.72875818871537
1232,95.50962366025178
1233,43.199441711313554
1234,64.85194806930022
1235,44.71636896301011
1236,65.36993026117501
1237,44.617076906206265
1238,64.98732395121958
1239,43.37180903305734
1240,86.71660469098212
1241,43.39234249049514
1242,66.60200722931712
1243,44.83563337308171
1244,66.82515671158154
1245,45.16326487238445
1246,67.3978427161655
1247,45.45406165296228
1248,99.75867466120407
1249,45.46847953252594
1250,66.28927634652655
1251,45.29585484594852
1252,66.56969763443921
1253,45.316790250389595
1254,66.65545623553297
1255,44.49423452770178
1256,88.8971341158346
1257,44.87801855932337
1258,67.38323640337207
1259,45.411548361202584
1260,67.8632506387102
1261,45.8189637998901
1262,67.09977041268428
1263,44.65143362898965
1264,101.5103655575331
1265,44.81335408806198
1266,67.52674558772141
1267,45.25731282210066
1268,67.72092422008565
1269,45.54223284185388
1270,67.59747413740617
1271,44.16982484894391
1272,92.66410010536309
1273,44.47650212290472
1274,67.76703306972273
1275,45.324670133372
1276,68.55065303743798
1277,45.33267365333602
1278,68.67819430292806
1279,44.726847343401765
1280,106.18001240356774
1281,47.540571424278994
1282,70.81885168019274
1283,47.88899819717224
1284,71.73172234772389
1285,47.952135805494194
1286,71.54589198572506
1287,47.342354368535524
1288,65.2334295019281
1289,47.3838132904008
1290,71.33792811398685
1291,48.841042961247084
1292,72.89985916109057
1293,48.90109287273513
1294,73.17507540513922
1295,48.344598108200834
1296,92.26145591112575
1297,48.77929824420272
1298,73.45053647471603
1299,50.061133980369014
1300,74.69731541805352
1301,50.130467913056805
1302,74.3142448243765
1303,49.515731493172076
1304,66.53064566371363
1305,49.25574483335728
1306,74.96869418657845
1307,50.72694907215807
1308,75.82902334361592
1309,51.323157726832314
1310,76.48894058889067
1311,51.688528129006016
1312,95.95368084190056
1313,51.19415024289297
1314,75.84687716077411
1315,51.50982985227287
1316,76.4939062606936
1317,51.534522004739735
1318,77.17718786995808
1319,50.47124526133847
1320,65.71207535501023
1321,50.28287946094456
1322,77.89294206519908
1323,52.25073198681563
1324,78.21296522152115
1325,52.55615788903543
1326,77.66950010623786
1327,50.91480252062426
1328,105.34327018894989
1329,51.181206024203874
1330,77.87016403374037
1331,52.9460418676252
1332,78.32237109955888
1333,53.49264152431115
1334,78.3405819744369
1335,50.9337743762053
1336,88.66473054848936
1337,51.255121237105776
1338,78.75214024470134
1339,53.951368935350764
1340,79.05445307206915
1341,54.04240517947644
1342,78.78526911725233
1343,52.67818642899107
1344,109.53035464715104
1345,52.51337395829088
1346,79.45842678131883
1347,54.1608080455467
1348,80.3652173411228
1349,54.760660586362995
1350,80.56423963059179
1351,52.53586957399791
1352,73.34242196400152
1353,52.69131973755623
1354,81.57014826654009
1355,55.608853566150195
1356,82.46775575865702
1357,55.53480916814709
1358,82.72724166706111
1359,54.105688813074295
1360,103.21075696601622
1361,54.426263581052275
1362,83.85407764485198
1363,56.176816390999576
1364,84.93963466369763
1365,56.87847637367251
1366,84.69104462898228
1367,55.42470790537667
1368,74.74443335059797
1369,55.5408346175351
1370,84.7590453914678
1371,56.962141038054966
1372,85.47058125356173
1373,57.19411572601665
1374,85.40710715431365
1375,56.51129855484448
1376,105.40234007188134
1377,56.480218811399446
1378,84.65611599526075
1379,57.629831024423375
1380,85.07299337779521
1381,57.46752122427378
1382,84.55975601836712
1383,55.46161566579478
1384,72.22404419720743
1385,55.59407015147913
1386,85.19044052335452
1387,57.14889908488925
1388,85.6305927711292
1389,58.179259163623264
1390,85.83431777168538
1391,56.689670363438935
1392,104.98239531535872
1393,56.83425403739023
1394,86.48040080239683
1395,58.42163221542062
1396,86.89002133542878
1397,59.01873823325362
1398,87.11951006476332
1399,57.70753971441546
1400,74.62367188727546
1401,58.54114651627378
1402,88.41994277461261
1403,60.149185649025036
1404,89.30276759727496
1405,60.60141464560082
1406,89.32531450087245
1407,60.13929542744364
1408,106.22623292775472
1409,59.81626512996111
1410,90.05328577463041
1411,61.62314871648365
1412,90.46126038207841
1413,61.15538608536196
1414,90.18253335419672
1415,58.75312424469635
1416,59.44602025272419
1417,58.67975545440231
1418,90.64892254043099
1419,61.33690016377798
1420,91.19657514438991
1421,60.86691011834222
1422,91.02893523681279
1423,59.30325254407947
1424,79.66527182674498
1425,59.69661836760765
1426,90.3843036492609
1427,61.164089896815966
1428,91.56973398947666
1429,61.098196199018055
1430,90.72944770730552
1431,59.49296075783361
1432,64.0375180679723
1433,59.83976741588353
1434,91.12605798995463
1435,60.96277825074023
1436,91.54316019530553
1437,61.34191241003078
1438,91.45274609508687
1439,61.397166054907174
1440,82.38309802813747
1441,61.06373196089987
1442,90.88921252199735
1443,61.60773984242865
1444,91.92490528174699
1445,61.256589066913826
1446,90.35031841953435
1447,59.40935046930793
1448,63.314843111793884
1449,59.53915534294516
1450,90.42814672413823
1451,61.34981066872894
1452,91.70754421372398
1453,61.59785448913211
1454,91.2259494771803
1455,60.20057071539902
1456,83.35087750946917
1457,60.454763180466706
1458,91.6710084208261
1459,62.653850599502896
1460,92.48006483084444
1461,62.62681942930879
1462,91.09558909070583
1463,60.37671218808442
1464,102.45714515280177
1465,60.74143597929246
1466,92.29273773951543
1467,63.050666630541855
1468,93.88616005804431
1469,63.914461701168854
1470,95.07336420929542
1471,63.61556811209409
1472,106.7709861074987
1473,63.69023241497695
1474,95.7767125013779
1475,63.08763632478125
1476,95.60367577727064
1477,62.286248804917015
1478,94.2274493909578
1479,60.08278055178059
1480,102.13694602080558
1481,60.01751260129821
1482,94.20670534539944
1483,62.70327435489123
1484,94.5106111637228
1485,62.79722871008123
1486,94.4870680123815
1487,61.34104323812173
1488,107.38342881213133
1489,61.38083746899944
1490,95.27615301504343
1491,62.588519517991415
1492,95.50346962255503
1493,62.81555024818844
1494,94.9132280143265
1495,61.88325046209708
1496,106.84380614420319
1497,62.00041844545151
1498,95.96697394497234
1499,63.40965573187213
1500,96.33972818124774
1501,63.993796536889064
1502,96.96956757597293
1503,64.67931971533487
1504,110.49692338095583
1505,64.03029248443687
1506,86.39311251354745
1507,63.38558442767302
1508,87.18374905970441
1509,63.36907498488769
1510,86.79739436748754
1511,62.3069245604432
1512,108.3734373740176
1513,62.50482577899302
1514,86.54826150556595
1515,63.90785643205272
1516,87.97563620018067
1517,64.347860034528
1518,86.92450158523042
1519,63.66221777187679
1520,112.45824866742973
1521,63.73396297663803
1522,87.58413900088334
1523,65.125893034844
1524,89.90593095345142
1525,66.21201987893207
1526,88.56335828862328
1527,64.19630339393326
1528,106.76325825647389
1529,64.49913392396492
1530,88.54769350701001
1531,66.04105565884129
1532,90.58519113689506
1533,67.11581206361319
1534,90.40849157339835
1535,68.09960663018116
1536,116.14440689042488
1537,45.73782854093959
1538,60.92510648949572
1539,45.05372041869313
1540,60.92355390335408
1541,45.18807989077224
1542,61.423525620025586
1543,44.90868286184861
1544,73.61961990749839
1545,44.46895422953068
1546,61.40645581653523
1547,44.88396887027096
1548,61.40895154611678
1549,44.6209575361543
1550,61.61228559014177
1551,44.49460498601797
1552,78.02897288524983
1553,44.90968255594966
1554,60.97306382530384
1555,45.35276617967861
1556,61.70667885887654
1557,45.584195840947345
1558,61.87569795147102
1559,45.282344893168556
1560,75.55721794778398
1561,45.233151887067415
1562,62.47868446940946
1563,45.90713825949318
1564,62.81610626396105
1565,46.06269815420646
1566,62.92562343332225
1567,46.27895575764457
1568,81.15313927234097
1569,46.7773226946761
1570,62.89032190930244
1571,46.519297997730156
1572,62.56445751339947
1573,46.426911422337255
1574,62.41878041535856
1575,45.60642824105399
1576,75.49605020537604
1577,45.99395566614711
1578,63.089853988243995
1579,46.42300863157556
1580,63.546033358325055
1581,47.060216770209024
1582,63.57772134509151
1583,46.313845380103764
1584,81.46771255660907
1585,46.442262395225
1586,63.81669194103116
1587,46.82353994072161
1588,63.78469494990052
1589,47.03980953103834
1590,63.970125769884795
1591,46.33585482606604
1592,77.48586200964147
1593,46.63062996724341
1594,64.65873523289332
1595,47.254805288518334
1596,64.23968520055814
1597,47.30675763085988
1598,64.37009661338072
1599,47.15062957828603
1600,84.28311207171527
1601,46.84507965210067
1602,64.81942644086394
1603,47.29442904213968
1604,65.16463821519811
1605,47.205784008376156
1606,64.78292532953628
1607,45.94875433656063
1608,77.05101647392785
1609,45.81168346685558
1610,65.22271190027779
1611,46.9492303012065
1612,65.54771562677045
1613,47.18565375499242
1614,65.57266785068292
1615,46.480881632269856
1616,84.82085436070108
1617,46.523770162917224
1618,65.50265460014134
1619,47.25194640366925
1620,66.17314004805326
1621,47.68451125038007
1622,66.87905065797402
1623,47.137909238750076
1624,77.44391618446325
1625,47.26838406025755
1626,66.39522475806687
1627,47.74814918814512
1628,66.96146335651409
1629,48.22763929917583
1630,67.14654757702198
1631,48.64151422710272
1632,87.76302970417906
1633,48.89593120283921
1634,66.9078715169434
1635,48.61907303857993
1636,66.97340395030476
1637,48.60126917886754
1638,67.24514222266038
1639,48.203357017866985
1640,81.87391257100678
1641,48.83628305456954
1642,67.74418775687928
1643,49.28565639127917
1644,67.54068917411558
1645,49.233216086347774
1646,67.1876907370137
1647,48.65946918285574
1648,87.54667113017325
1649,49.427800405796376
1650,67.69406629003234
1651,50.09418149433703
1652,67.68402574319691
1653,50.03422271982669
1654,67.62137631540149
1655,49.074524902876085
1656,81.24143947542117
1657,49.54218211163161
1658,68.538485361239
1659,50.71713532076791
1660,68.55731477983817
1661,50.80706838778775
1662,68.42073318217328
1663,50.55721290733927
1664,90.89810364040589
1665,50.79724701450926
1666,68.89058292779389
1667,51.08265472635127
1668,69.2061059712235
1669,50.5500505268455
1670,68.68764611562017
1671,49.26206912516669
1672,81.98100124414978
1673,48.503028534314026
1674,69.0942548857744
1675,50.350448385795204
1676,69.92582202524108
1677,49.85117050587408
1678,68.86493001662586
1679,48.890006779010456
1680,90.55777789161148
1681,49.2505962609813
1682,69.7091489381789
1683,50.55672304319531
1684,70.40266697005615
1685,50.3520357846323
1686,69.65435625605335
1687,48.98154932790914
1688,83.93801505414862
1689,49.33563201298194
1690,70.04292394840373
1691,50.85588856755728
1692,70.52535013223363
1693,50.38655326055726
1694,69.48521528459402
1695,50.26288234810452
1696,93.31137488718579
1697,50.53786339394549
1698,70.26141418637876
1699,51.09730512563874
1700,70.44268937383617
1701,50.56330795474375
1702,69.88106108013989
1703,49.44998741381468
1704,83.21804885355927
1705,50.08368841515191
1706,70.25749276163518
1707,50.91001604657456
1708,70.21524046371036
1709,50.90521187506593
1710,70.05262951433195
1711,50.33651130474299
1712,95.07205310526336
1713,51.03844002543977
1714,71.5721650632316
1715,51.53594504450998
1716,71.6943550110904
1717,51.97989902599985
1718,71.30640471512322
1719,51.23921585470279
1720,87.17872637761721
1721,50.8411199971841
1722,71.7694589275607
1723,52.000589827302775
1724,72.12362278734211
1725,52.424433012765576
1726,73.01159222810296
1727,52.24575348572296
1728,97.66447668913284
1729,51.97163879320802
1730,72.01554585087983
1731,52.07772697553312
1732,71.59492340870842
1733,52.27935151427293
1734,71.8905121131273
1735,50.39627804901715
1736,88.65665513426205
1737,49.26377582322164
1738,71.57254205542317
1739,51.875655690640365
1740,72.48429638686771
1741,51.60677901681592
1742,71.45821791387914
1743,50.0265496713079
1744,90.08897191398967
1745,50.73438161920117
1746,72.62176633043072
1747,51.940550527354986
1748,72.62052424123952
1749,51.652214864803085
1750,72.42192944249587
1751,51.19978814818408
1752,91.4027869340899
1753,51.31847967202924
1754,72.80789032400833
1755,52.04530080461804
1756,72.80306671530617
1757,52.69290842238611
1758,73.91039621484724
1759,52.703122000118555
1760,88.37924933880942
1761,52.20861630595938
1762,72.9633562072176
1763,52.87993773534355
1764,74.49678823733387
1765,53.00834171635167
1766,73.58223006452349
1767,51.69699819691949
1768,85.20598385653393
1769,51.76141735358194
1770,74.90418113315424
1771,53.848203849381996
1772,74.58328361964927
1773,53.609119036900125
1774,74.4385961194137
1775,53.23659728981344
1776,89.37488709388157
1777,53.20758764227767
1778,75.05194378112897
1779,53.99817391326651
1780,75.58212573871293
1781,55.28972023054165
1782,76.39846965696297
1783,53.63165111477557
1784,86.57155658769717
1785,53.54112533379234
1786,76.413068853152
1787,55.86907745252225
1788,77.655339378059
1789,56.21547800604404
1790,77.36265361180841
1791,55.852072080351554
1792,95.63529283867408
1793,56.8756865594213
1794,75.0831281871871
1795,57.55091939071684
1796,74.67313302010473
1797,57.11464088816493
1798,74.21595781157012
1799,56.46175501456501
1800,82.29625823155072
1801,55.13424425113085
1802,74.33633028041771
1803,56.43933677926369
1804,74.13670311459357
1805,57.14653214061667
1806,74.06759269160668
1807,55.376776344749565
1808,77.05410009341142
1809,55.47130977594118
1810,74.45211608791894
1811,56.835029217252924
1812,73.36976076704204
1813,56.10178906136878
1814,72.92721511058603
1815,56.05746928184643
1816,70.11312225262036
1817,55.43744425865755
1818,73.53528795689299
1819,56.67615059914362
1820,75.13669967152087
1821,57.401084825710946
1822,74.16696461744817
1823,56.085987481295334
1824,79.06408570089476
1825,57.132417105408386
1826,74.16181029875324
1827,57.24844916571877
1828,72.97646094581768
1829,56.65685449761339
1830,74.62601038565352
1831,56.24242889403162
1832,70.37248110479952
1833,55.810030156693124
1834,74.05981582110077
1835,57.523084496002205
1836,75.52922081675192
1837,57.39428127323415
1838,74.42481183585888
1839,56.93076861699477
1840,80.57615932082496
1841,57.34987427225474
1842,74.80089073294292
1843,56.435439541825914
1844,75.45707445862202
1845,59.14460764512388
1846,75.14384117167027
1847,56.46026809732962
1848,70.94108555788146
1849,57.474432454978576
1850,75.57499025223888
1851,58.59535702237739
1852,75.70348453639548
1853,58.755148280050186
1854,76.78761819670052
1855,58.4989244106693
1856,82.00780669058011
1857,57.98159426096499
1858,75.62559883814957
1859,59.722427749789254
1860,76.26748110259152
1861,58.74207933776877
1862,74.49025232203758
1863,57.851837295642
1864,72.0252472641126
1865,57.35916711017021
1866,75.38830562653371
1867,58.88569218492315
1868,77.84756781262475
1869,59.3532709946264
1870,76.54104625140985
1871,57.65655953674916
1872,82.12303363633052
1873,59.23130079284711
1874,77.57155428700396
1875,59.468568627054296
1876,77.92413215679674
1877,59.97110577450297
1878,78.13882999030615
1879,58.936753042040735
1880,72.86099495933522
1881,58.85433328613727
1882,78.85477091123838
1883,60.07990827713886
1884,77.86171654712308
1885,59.736914012242636
1886,78.62368977022165
1887,60.36769153906909
1888,84.2074471451457
1889,59.80098774511837
1890,77.10673676919336
1891,60.450432749586
1892,78.25235025655323
1893,59.29181427093482
1894,77.49610056824544
1895,59.80711318001667
1896,73.97371862268719
1897,59.20651955457424
1898,77.78998991574356
1899,60.17345451849667
1900,79.35921395421953
1901,60.06741841685475
1902,77.81510105941707
1903,59.450839540890094
1904,85.25811011078416
1905,60.30700953418814
1906,78.28764115874587
1907,60.02381052591463
1908,80.1893143803446
1909,60.78269141146199
1910,78.55833567646557
1911,59.24490327112013
1912,76.45806041238916
1913,60.34448594236129
1914,78.56982310305652
1915,60.334518110393546
1916,79.72780903724838
1917,61.06723965062817
1918,78.83002726580733
1919,60.90028037185246
1920,99.26755812740329
1921,52.70325185706538
1922,78.50817490284533
1923,52.33844802828878
1924,80.43765666563598
1925,52.910788922001544
1926,79.59202182206668
1927,52.123785885145075
1928,85.05361184032432
1929,51.69957282495541
1930,79.95008972020871
1931,53.29947074597491
1932,81.49032958909366
1933,53.248112399543615
1934,79.43659808013456
1935,53.398255987040294
1936,84.43411286376937
1937,52.30539309715106
1938,80.09028639298802
1939,54.102312736109305
1940,82.07364075624284
1941,53.845086185442675
1942,81.25686425358568
1943,54.040070253776484
1944,84.79386476396148
1945,53.36044245272959
1946,82.46766490560995
1947,55.1707979759161
1948,82.53103405481704
1949,55.54293555712244
1950,83.98055044938418
1951,55.735509058533346
1952,88.91114191266792
1953,55.36782078871737
1954,83.98288307417198
1955,55.71506639212905
1956,83.14751247508302
1957,55.67898188689722
1958,83.78316040764938
1959,54.61721140886385
1960,85.81056904820696
1961,54.42649127964968
1962,84.10131448015485
1963,55.988043277773656
1964,84.78247943362928
1965,57.232632560834034
1966,84.43557497969556
1967,55.070866270723315
1968,87.6842270853291
1969,55.46318248935381
1970,84.65681132692146
1971,56.50905116210762
1972,86.87123405166776
1973,57.74216264428371
1974,84.8837589992454
1975,55.47961457100903
1976,88.05364673110587
1977,55.018118266856206
1978,85.76539065396385
1979,58.40263319950937
1980,87.02417870242405
1981,57.92611132292935
1982,86.68341882237253
1983,57.58148985665464
1984,94.24517174719854
1985,56.4573928132687
1986,87.8014502889791
1987,58.15608746570471
1988,87.38750692723292
1989,56.83548474096323
1990,87.32533843520633
1991,54.81715260168689
1992,87.61141131577587
1993,54.086111418800634
1994,86.18109368529532
1995,56.84094792673373
1996,87.03444774401139
1997,57.365194244596935
1998,85.46164689049246
1999,55.25348209056381
2000,88.82673217924015
2001,55.181985397955444
2002,86.84833387517834
2003,57.79909350709943
2004,88.49038811067389
2005,57.49196994282663
2006,88.65982982799984
2007,56.420510461542975
2008,87.80435166744158
2009,55.63465078900408
2010,89.14223923491132
2011,58.287677560819056
2012,88.69535410561022
2013,59.26197456459606
2014,88.94395265783514
2015,58.149578254002904
2016,93.17364941728786
2017,58.42563107575988
2018,88.25942102606419
2019,58.61963665205235
2020,90.79744094240255
2021,59.25388144978035
2022,88.88590413877067
2023,56.815513019302706
2024,89.48709250248422
2025,56.26142023452354
2026,89.29633474805459
2027,60.469865766291385
2028,90.42164629700288
2029,60.187383832065166
2030,91.4756130709278
2031,58.13685561225271
2032,90.25744379361481
2033,57.85853612443187
2034,92.25067240519651
2035,61.466336711065495
2036,92.43937979298575
2037,63.20489859186328
2038,92.85203357834207
2039,58.97014586854939
2040,90.93453636676297
2041,59.632703040738356
2042,93.38291408976416
2043,63.5401240436198
2044,95.31502139351618
2045,64.26004623696113
2046,94.80860665695617
2047,63.80747282671063
2048,100.12158627359506
2049,61.26025842191589
2050,93.99667811455039
2051,64.17309368148949
2052,93.03700482986554
2053,63.381500337944225
2054,94.18589795365128
2055,60.25481023025935
2056,69.0125506035815
2057,60.01612831435778
2058,92.53363850107867
2059,63.09713925780497
2060,94.68508734624936
2061,63.035325057451686
2062,92.1541171555317
2063,59.48926192891898
2064,95.81061832731955
2065,58.970669587976104
2066,93.39072683002462
2067,62.318005561281986
2068,92.08824046040152
2069,61.56662427373986
2070,92.95702640982717
2071,58.889462353066826
2072,70.7229159704144
2073,59.35876117041299
2074,93.02147851046993
2075,62.50538202750411
2076,94.41397260751002
2077,62.33541067062668
2078,93.1491578987347
2079,62.368515407092424
2080,94.38431090010711
2081,61.12686703380519
2082,94.40492756390266
2083,62.395165894202805
2084,93.27476233497887
2085,62.60955381173078
2086,93.44321308723296
2087,59.05941653496557
2088,71.19125172866035
2089,59.65536735421823
2090,93.34918841238317
2091,62.29999945325302
2092,93.79009855330192
2093,62.21849494077615
2094,94.80798089052145
2095,59.77035270573525
2096,93.24883172176631
2097,60.586953500768765
2098,93.3033753549778
2099,62.17859268350177
2100,94.96325225794818
2101,62.92656449405782
2102,93.07614155743546
2103,60.129207329483556
2104,68.43713899777993
2105,60.24006157201021
2106,94.68878733272581
2107,62.789868354214384
2108,95.64984494717034
2109,63.85536005460811
2110,94.7734831042938
2111,62.41039546701906
2112,100.48536402050297
2113,61.90126803845665
2114,94.86381289112069
2115,63.67192655360126
2116,95.10614725040621
2117,63.09465234807272
2118,95.27287547377114
2119,60.221619332256004
2120,104.17794199704323
2121,61.01369305920513
2122,94.31777426520107
2123,63.89582266860961
2124,95.90977813789348
2125,62.64185427583367
2126,95.46832950840282
2127,61.52061806250082
2128,108.00036552160537
2129,62.085960871893995
2130,95.21744147747904
2131,63.12895308055507
2132,96.1433952576233
2133,63.8241666061927
2134,94.11421740912722
2135,62.63864238312591
2136,105.79591083932466
2137,61.71817931293385
2138,96.82078643599637
2139,63.54264807725277
2140,96.18205179459692
2141,64.55659016625144
2142,96.4842938304883
2143,63.58694824926181
2144,111.64658771038859
2145,63.678076810132225
2146,95.69123714043562
2147,64.30103010484815
2148,96.55601610649788
2149,63.03680112328924
2150,96.58238389664275
2151,61.909816722571804
2152,104.89017851545648
2153,63.078980007256646
2154,95.84184464127382
2155,63.42968364124256
2156,96.77644953217954
2157,63.39517109536248
2158,96.71291777965136
2159,62.892720983718455
2160,110.87335084463119
2161,63.231712711129965
2162,97.03146173141425
2163,63.2538749782724
2164,98.30006693728168
2165,63.77425483405047
2166,96.44694549515022
2167,62.963753751895034
2168,107.34777532384605
2169,63.130030235028116
2170,96.93992140523963
2171,63.68895971144036
2172,97.86516221420408
2173,64.74565726855379
2174,97.19584083835878
2175,65.69033675736853
2176,113.70674260719035
2177,64.745549803677
2178,98.46780855399595
2179,64.89136936818039
2180,97.64678714023968
2181,65.28950880220408
2182,96.64268762832133
2183,63.639642733080095
2184,108.13081539201009
2185,62.69039482557216
2186,98.86608524225005
2187,65.19573092548899
2188,97.46849461587907
2189,65.39191052637551
2190,95.92359269227141
2191,63.97652168983775
2192,114.08945019650085
2193,63.874195616052155
2194,96.62472373920951
2195,65.49010529714519
2196,97.15814169525798
2197,65.88102956972514
2198,97.20591647931181
2199,64.3071454647473
2200,107.76196461393823
2201,63.802298181087714
2202,98.98170263302677
2203,66.04241563470161
2204,99.25165398482122
2205,66.98569431364841
2206,99.81821119911565
2207,66.42871162832509
2208,116.60604085718165
2209,66.77525527419225
2210,99.68270755484313
2211,66.32773068228175
2212,99.11216091626864
2213,66.77805810270536
2214,100.14423725101688
2215,64.82343221957163
2216,108.96348475740278
2217,65.24272133554265
2218,100.45609261707615
2219,66.97536484422488
2220,100.72808487200965
2221,67.68899174110629
2222,100.36355016382777
2223,65.35093722806813
2224,116.78020932024572
2225,65.81966747489746
2226,101.2598778661531
2227,67.18533352863571
2228,101.1227314112969
2229,68.29009386726962
2230,100.6278364522701
2231,65.35164307946846
2232,110.50983802924536
2233,65.05269932203579
2234,100.9923304753756
2235,67.59013180123785
2236,100.1007045795456
2237,68.6332399398762
2238,101.36843900469641
2239,67.37932930967848
2240,119.82676511073475
2241,67.6465216562822
2242,101.64247225580853
2243,67.69486018205933
2244,101.70419485340071
2245,68.01246696251529
2246,100.75950930001727
2247,64.89377799536094
2248,109.57361299316804
2249,64.63723544077143
2250,103.09557746279809
2251,67.6455374700155
2252,101.94801083353143
2253,67.79028879047085
2254,101.1833742140491
2255,66.45403703113935
2256,120.14982988852188
2257,65.6649912755597
2258,102.36355394644963
2259,67.51372430409675
2260,103.65913350362423
2261,68.1827309950687
2262,101.601594427174
2263,67.03498902651893
2264,110.30192838752222
2265,66.85870227699263
2266,104.15117209748846
2267,68.00378191813193
2268,105.53912372584176
2269,68.76862408519588
2270,103.40184570431042
2271,69.45589667156806
2272,119.88690769053939
2273,69.90190620587256
2274,104.0468590092491
2275,68.85958505279811
2276,104.29447609091108
2277,68.54415488596717
2278,105.88711740419791
2279,67.53359379694805
2280,111.51072294703512
2281,68.03155806634119
2282,104.89213382892619
2283,70.12980729525275
2284,106.28339298074825
2285,70.03448699743014
2286,106.32594220287415
2287,67.97779202496145
2288,123.41000976905977
2289,69.08400587700137
2290,106.6927014024953
2291,70.93596052957842
2292,108.2737685694663
2293,71.22673025497306
2294,107.96324555916104
2295,68.64799951402169
2296,112.61362269850507
2297,69.8224833597513
2298,107.41526414707555
2299,72.03851731878508
2300,108.40750148120505
2301,72.94631210479568
2302,110.43353570476967
2303,72.22943795160438
2304,125.44687131231825
2305,55.12699264314577
2306,72.90756203948058
2307,55.37582673311786
2308,70.76086909501029
2309,55.25859940025981
2310,69.8022281691777
2311,53.85670712134046
2312,88.21001891842553
2313,53.40407225403036
2314,70.04981132915472
2315,55.06578157771158
2316,71.51387123515795
2317,54.35810813918559
2318,71.11993014363503
2319,53.4252809698863
2320,109.26515902919816
2321,53.768403507035046
2322,71.04448201778813
2323,55.2128589604142
2324,69.861024369291
2325,54.84672300496222
2326,71.26273416809269
2327,53.34251263719382
2328,94.58978226978988
2329,53.281676805825796
2330,70.82723445093703
2331,55.06651568377863
2332,70.5311527141808
2333,55.71469699379575
2334,69.93081205923953
2335,55.2109161398207
2336,111.32686396209266
2337,55.541478257225755
2338,71.27215000304403
2339,55.90279838374842
2340,72.58649693428383
2341,55.55942465095576
2342,71.42252453263379
2343,54.1314434054607
2344,84.2300633279789
2345,54.48951948081025
2346,70.35332443330702
2347,55.7405319472581
2348,71.67685943260908
2349,55.82358917094806
2350,71.13779395050358
2351,54.5563182171415
2352,111.70761691245288
2353,54.97377369705102
2354,70.6434793510662
2355,56.74673489686663
2356,70.7480257970244
2357,56.92367945232631
2358,71.20729757815316
2359,54.69863718258071
2360,93.48582132661845
2361,54.57348952862463
2362,71.04254477502184
2363,57.1870760719964
2364,70.264505022666
2365,57.25828601914303
2366,71.46044099506341
2367,56.786992629355524
2368,115.88784456663817
2369,56.84548900968676
2370,72.34020568090114
2371,57.0586936508875
2372,72.33087939568523
2373,57.22829278327839
2374,71.10187778154584
2375,55.41643076277841
2376,94.61630751907393
2377,54.956810487025585
2378,72.2879715934588
2379,57.335886304699685
2380,72.47824016357296
2381,57.57548202599889
2382,71.05114466006226
2383,55.716305422056706
2384,114.61354023824933
2385,56.163734085717216
2386,72.7340135575671
2387,57.59675303192128
2388,73.46949360583132
2389,57.89647584126961
2390,72.78878697241713
2391,56.5886792270032
2392,95.41573339277272
2393,55.94493903369941
2394,72.82066798118296
2395,57.29575314510916
2396,73.41388249598351
2397,57.78698092963957
2398,72.99655845754953
2399,57.79930157207743
2400,115.39621902178084
2401,57.01083284057747
2402,72.98118065611501
2403,57.4326068304097
2404,74.3017796233885
2405,57.04747537565589
2406,73.40662706684274
2407,56.26665106648909
2408,94.3671661972076
2409,56.447235332680314
2410,73.62075780214566
2411,57.99771168892425
2412,74.81741389054194
2413,57.65952879227255
2414,73.82904400501532
2415,56.770909125678706
2416,115.79315707074184
2417,56.80293157412934
2418,84.77796763897094
2419,57.88473821494781
2420,86.53489221934437
2421,58.608716660155
2422,86.73129774917341
2423,56.33080532756719
2424,94.46318852234621
2425,57.74277395218528
2426,86.0933321198923
2427,59.699678865833825
2428,87.36640133436481
2429,60.08290781892934
2430,88.35122241479317
2431,59.48094775856081
2432,120.70661005862682
2433,60.06227512500605
2434,88.67479216364617
2435,60.650556392424186
2436,88.3070755207483
2437,60.90955842204009
2438,86.36052966030073
2439,58.44705982877213
2440,80.89861351910115
2441,57.61581020160178
2442,87.34588108487392
2443,59.788164418944646
2444,87.61595322587146
2445,60.0355332469334
2446,85.49904101812233
2447,58.09938869567407
2448,92.92338323883956
2449,58.52010183316694
2450,87.16573361159654
2451,59.73970263501932
2452,87.27053555045907
2453,60.07025215243401
2454,85.6179771527177
2455,58.67526925013913
2456,79.91993878958662
2457,58.394675866853184
2458,87.22825628621328
2459,59.67388094189821
2460,87.32623308224623
2461,60.8391222029794
2462,85.69891149666228
2463,60.095439197420916
2464,94.97089282037001
2465,60.598565423251166
2466,87.46298686465845
2467,60.365130631352244
2468,88.13020780598683
2469,60.820743866223935
2470,86.38848307474315
2471,59.15569298720366
2472,81.69798530376292
2473,59.275119031725524
2474,88.29911485546234
2475,60.66363543519071
2476,88.425432232696
2477,60.830230018092784
2478,86.70043714446582
2479,59.1405861676523
2480,94.91255831214418
2481,59.51864779790397
2482,87.5858737490175
2483,60.33946228962695
2484,87.95183079656351
2485,61.29583810296785
2486,86.57253676500656
2487,59.011000538655104
2488,82.34293192591323
2489,58.84906427477372
2490,88.00890790373732
2491,61.54559038182228
2492,87.8614106994599
2493,61.65277894742152
2494,89.58863327583302
2495,61.00789488446061
2496,105.9594617360179
2497,60.89398607381837
2498,89.25793597703854
2499,61.84293460911556
2500,87.53000121685848
2501,61.220127062387974
2502,88.42014357292346
2503,59.502526296060346
2504,95.72222904696466
2505,58.69161384146175
2506,88.28422714677814
2507,61.53633355216922
2508,87.81724801979142
2509,60.64836255312614
2510,88.36092885365608
2511,59.62955780357398
2512,103.8309203651911
2513,59.67053727210694
2514,88.21883602657167
2515,61.62362008402565
2516,89.43511900538951
2517,61.71062725477253
2518,89.81288326209211
2519,60.219975655862996
2520,95.90437491169789
2521,59.69222876530294
2522,88.80060001706073
2523,61.457828301301014
2524,90.58506522370564
2525,61.696120895924054
2526,90.3089454897697
2527,62.34609678241584
2528,105.9149084415591
2529,61.633004426673935
2530,89.92834941261017
2531,61.897037810105964
2532,90.5369702881828
2533,61.791545719759135
2534,88.18597538966755
2535,60.73698284808388
2536,95.18942733283446
2537,60.31401513218356
2538,90.0245992421753
2539,61.27109932458126
2540,90.16858750479027
2541,61.74780357973833
2542,89.57779742728214
2543,61.301059031200005
2544,105.13873030415328
2545,60.8693337462159
2546,89.9797978129946
2547,62.2037974865132
2548,89.85875306380692
2549,62.39296987879791
2550,90.62501786157831
2551,61.39355911537414
2552,95.7303213674921
2553,61.387122316053464
2554,89.69675659161678
2555,62.78077869419258
2556,91.84671716195032
2557,63.2940253678952
2558,92.1140036068172
2559,63.727215657970696
2560,107.13498448721961
2561,58.68566543352412
2562,87.93975174851778
2563,59.41893475204687
2564,88.87698976575973
2565,59.11874747284331
2566,86.29626307616002
2567,57.90783896188008
2568,86.69205851264627
2569,57.29206867103961
2570,88.25925514678939
2571,59.57087764781428
2572,88.69474113448973
2573,59.44630174199461
2574,87.81719425334106
2575,58.67839244209918
2576,90.31217281860299
2577,57.93706899800931
2578,88.68454973886327
2579,59.952073526535365
2580,87.6713196981907
2581,59.94189487177285
2582,89.33935084301972
2583,59.192946720900295
2584,87.42594438950437
2585,58.571885292793326
2586,88.87555380111074
2587,60.65917513880329
2588,90.637302126794
2589,61.04998934524013
2590,88.68324859326498
2591,60.95542585538408
2592,95.411612947418
2593,60.61493540834757
2594,90.50364200140388
2595,61.4545360377674
2596,90.29624524228889
2597,61.16809424274869
2598,90.94045745902476
2599,59.86648843871477
2600,86.11359808351584
2601,59.285404776247674
2602,92.05191329197206
2603,61.647670547726506
2604,90.92467314579136
2605,61.982432858976665
2606,91.62095685069096
2607,60.37236804270011
2608,93.59440830471429
2609,59.62780500787443
2610,89.85694431571517
2611,61.59506111020871
2612,91.79626775176736
2613,62.75504396348586
2614,89.33920902681875
2615,59.71405876468673
2616,88.68936627740624
2617,59.72703352189738
2618,90.4276688656846
2619,62.272100956378225
2620,93.10217560828727
2621,63.264481669246216
2622,93.31532572266053
2623,62.15387538395407
2624,96.84627537350822
2625,61.965803901408236
2626,93.31643476022082
2627,63.040824797492576
2628,91.54785991068852
2629,62.82210472486266
2630,93.0109159057135
2631,60.67454957670716
2632,89.22504209327204
2633,59.890967335314805
2634,93.46473063189272
2635,63.50970991275276
2636,93.56250130533799
2637,63.28747884478577
2638,93.1095359691596
2639,61.559065657882165
2640,94.72774608713031
2641,61.13483873626222
2642,92.6071576992251
2643,63.64475806483441
2644,95.21898402087061
2645,63.5241469039415
2646,93.12348562090084
2647,61.99552424177049
2648,89.58866921301671
2649,61.65018116163437
2650,94.34272972729036
2651,63.72051016970934
2652,94.84612628314221
2653,64.51223867134698
2654,94.50364678346413
2655,63.970603444676385
2656,97.5106877924498
2657,63.28698287740329
2658,95.13437177763417
2659,64.24719967147834
2660,94.10725127912352
2661,64.05175205418317
2662,95.59733777904597
2663,62.449635065581305
2664,84.50191553817832
2665,62.28750774027994
2666,96.14265509035855
2667,64.5616313102292
2668,94.95532068969406
2669,64.86784277235333
2670,96.16459143506924
2671,63.091645380470425
2672,96.05886929847122
2673,62.4335572176105
2674,97.12206466536766
2675,64.9940802453008
2676,96.51329553910864
2677,65.55419277741598
2678,96.38991461387795
2679,63.08777304645194
2680,89.77759935554742
2681,62.27161883883835
2682,96.95437323558296
2683,65.61404853346808
2684,97.09428038239335
2685,66.48141192070402
2686,97.99697063865234
2687,65.71012991307632
2688,111.7993778629893
2689,65.55587978331566
2690,96.13661836012689
2691,65.73215386404168
2692,97.28213121823441
2693,65.53713129782119
2694,95.17080183440791
2695,63.09235193990893
2696,102.35339544614787
2697,63.45868145765417
2698,95.705712832045
2699,65.96940200687303
2700,97.77940425926988
2701,65.90305270079432
2702,95.8749527968649
2703,63.2944632464361
2704,110.92072322729221
2705,63.49104166663687
2706,95.69716241691962
2707,65.87870702480745
2708,97.95944414914055
2709,65.8776727699097
2710,96.57125561498304
2711,63.9378610303786
2712,94.66166165814157
2713,63.265640396789955
2714,96.31027561010087
2715,65.82367867194375
2716,99.00559911121103
2717,66.76509783905873
2718,96.59804219988368
2719,66.4816375312801
2720,102.43535447843992
2721,65.8775882109074
2722,96.96455090811025
2723,66.23448385021378
2724,98.9414929192311
2725,66.38053519948683
2726,97.09300305100084
2727,64.82742019713244
2728,94.92860878965962
2729,64.68280707788057
2730,99.5453654192054
2731,66.83710409292533
2732,101.0671685271393
2733,67.35285315539055
2734,97.96827352429266
2735,64.98504104035486
2736,101.56124487805376
2737,64.37137789539857
2738,98.28008830033416
2739,66.84669337837097
2740,100.12218934900613
2741,67.3150419170221
2742,97.55584144933825
2743,64.35441508746257
2744,94.58884375603348
2745,64.1637123535859
2746,99.18494092904628
2747,67.2794914969047
2748,99.28007332498396
2749,67.91508206967762
2750,99.24652786567151
2751,66.89350536865496
2752,104.99881417204962
2753,66.1470403153455
2754,98.97307389180239
2755,67.44980483561748
2756,99.79042199966709
2757,66.7763025639446
2758,99.0917074831242
2759,64.50357255573564
2760,94.53743774332956
2761,63.33887047721548
2762,99.18186197765297
2763,66.90975280987364
2764,97.99473638743464
2765,66.74728644473944
2766,98.25479579429319
2767,64.90911789280163
2768,88.98787252828673
2769,64.31695392028986
2770,97.54720452040061
2771,67.18151074883521
2772,99.70510077211144
2773,67.68284683822934
2774,96.74625203622459
2775,65.39253694808868
2776,89.93341607166946
2777,64.38098505600196
2778,99.31758695628893
2779,67.27674304775726
2780,100.57174055283392
2781,68.14849843284333
2782,101.3561098639354
2783,67.98900889136297
2784,96.56217962247166
2785,66.56701839358655
2786,100.41994712538185
2787,68.1765310564026
2788,99.87212414622854
2789,68.09707969122424
2790,101.04900597393984
2791,66.00235559887456
2792,89.14315335455595
2793,65.6636567269708
2794,100.53727880094867
2795,68.58025462487764
2796,102.81480703347071
2797,69.12294568548083
2798,100.17677822941575
2799,67.1192600371912
2800,89.97292275629529
2801,66.51778352872357
2802,101.74321154984234
2803,69.3551956524708
2804,103.32284408907489
2805,70.06908142551735
2806,104.19185752077581
2807,68.23128779160142
2808,91.5561141952056
2809,67.65375606225699
2810,105.3045596355093
2811,70.54283435434532
2812,104.83493252666008
2813,72.04760179106522
2814,106.19647260718418
2815,71.62216042055039
2816,100.60947660566451
2817,57.33774021676525
2818,83.86045527706753
2819,57.93414063974662
2820,85.90332552134808
2821,58.02710307885737
2822,85.04235709630589
2823,56.563310451831626
2824,85.00446699860821
2825,55.644401826398365
2826,84.59069027825288
2827,58.0143198207222
2828,84.95875025504633
2829,57.782436708116514
2830,83.18847249455115
2831,56.29499842926046
2832,83.72269113665514
2833,55.63661463681346
2834,83.31921557742344
2835,57.55101274980402
2836,84.33316466901402
2837,57.79456982689501
2838,83.83514859498541
2839,56.19232834919461
2840,87.66598568588023
2841,55.56766811692392
2842,84.2956602022097
2843,57.33472379325995
2844,84.98394523535579
2845,57.89923601327595
2846,84.81996188605419
2847,57.62463681771966
2848,94.55186589221978
2849,56.827715180588044
2850,84.90869233037373
2851,57.92642394454748
2852,84.19162499112619
2853,57.95182572062695
2854,84.15762000186311
2855,56.74177859125146
2856,86.64014501666176
2857,56.12878115795468
2858,84.25715615496964
2859,58.05568162801446
2860,84.88826083450954
2861,58.179366982728894
2862,84.76767893336097
2863,55.52856672165273
2864,89.07563231743767
2865,54.99680150010021
2866,85.35131367596617
2867,56.72372411534078
2868,86.02036971913238
2869,56.99743865020762
2870,84.775998283713
2871,55.054017739368916
2872,87.52433141951444
2873,54.343773339078005
2874,84.32691269409597
2875,56.69507317602066
2876,85.66200676952734
2877,57.141534773758195
2878,85.52823040053455
2879,56.35210397920288
2880,96.69801477519925
2881,55.48947707613825
2882,85.3353058696494
2883,56.597577685601294
2884,86.08091304949642
2885,56.67432638605025
2886,85.47971846427593
2887,55.29729310877137
2888,86.9446180714209
2889,54.506173324119594
2890,84.94358432003168
2891,57.25872916699625
2892,85.82700079921543
2893,56.94924803786308
2894,85.27757427578082
2895,56.01852981303235
2896,91.31607786277782
2897,55.25981555326034
2898,86.18056974979947
2899,57.40628482406338
2900,86.50194223417931
2901,57.407445716812845
2902,86.03378523659725
2903,56.427775247269686
2904,86.47687237212625
2905,55.73594515548952
2906,86.23192222968666
2907,57.90555133060205
2908,87.3813081832986
2909,58.30131890646674
2910,86.47442067959246
2911,57.969955411192835
2912,98.55419262820624
2913,57.178649074257905
2914,87.24306514084526
2915,58.251360580243116
2916,87.53004722596357
2917,58.12289555351739
2918,87.37187174393578
2919,56.706580608381884
2920,89.29882124219237
2921,56.214388002098744
2922,87.40009199418934
2923,58.661643396639974
2924,87.80466818283554
2925,59.10020865928917
2926,87.15653128239158
2927,57.688669381011586
2928,93.60404776028116
2929,57.311378160495956
2930,88.45992485501222
2931,59.51682348076528
2932,88.58992563392803
2933,60.07679474252214
2934,88.69438359857412
2935,58.42767256501988
2936,88.41065600659878
2937,57.75209581140254
2938,89.08910124533013
2939,60.7182741302294
2940,89.78105361461014
2941,60.99279117202581
2942,90.40047077269082
2943,60.773029776363984
2944,99.58717081860722
2945,59.82370381404662
2946,88.64675061541898
2947,60.46025553002746
2948,89.70800151513276
2949,60.34258948077889
2950,89.32166854263855
2951,58.37888061079611
2952,87.69825831640598
2953,57.57722825111493
2954,89.64558124283923
2955,60.90977233409721
2956,90.60273788701888
2957,60.18788945655129
2958,90.06751619708372
2959,58.776076677159935
2960,87.53758748639862
2961,58.250913950577385
2962,89.68011979446544
2963,60.32084913050823
2964,90.4584124747497
2965,60.17380163597787
2966,89.69824487511244
2967,58.62878265202223
2968,87.54146236774109
2969,58.31432339838911
2970,89.86607716991932
2971,60.2131956657999
2972,89.90133754145786
2973,60.88175831963875
2974,89.87951341527639
2975,60.29315664586322
2976,94.6812476253225
2977,59.493200866454266
2978,90.33183605260841
2979,60.51667255753908
2980,90.58596150976433
2981,60.69153322622467
2982,90.15369775650906
2983,58.78412940650325
2984,87.09359862703205
2985,58.608031734280694
2986,91.32046481316047
2987,61.20601733842314
2988,91.76780459916118
2989,61.52381778432885
2990,90.88985992494672
2991,59.6248593366018
2992,90.02959218116264
2993,58.89017173647093
2994,91.266678213299
2995,61.587700691209
2996,91.87140736061612
2997,62.21106948927244
2998,91.00206450348132
2999,59.34729620121173
3000,87.86666041910206
3001,58.90709570903048
3002,90.46522181448974
3003,62.31133347483367
3004,92.21634063512715
3005,62.42837232392552
3006,90.95189802496091
3007,61.21356445368179
3008,97.8285394150357
3009,60.61903905423092
3010,92.35761915064117
3011,61.94431298729578
3012,92.94917044093717
3013,61.501696806573975
3014,92.45523385636488
3015,58.66664842409472
3016,90.39940585810926
3017,58.013481260042475
3018,91.49505905093416
3019,61.47197995977591
3020,91.88205608247866
3021,61.150630066788
3022,91.44722859912234
3023,59.28767206336742
3024,90.37568379256426
3025,59.039466081973536
3026,90.69952993496842
3027,61.71118863722006
3028,90.57027902861863
3029,61.070145536269514
3030,92.20727113384488
3031,59.733002201062206
3032,91.0256185826598
3033,58.732641452084025
3034,91.75112005249528
3035,61.38288982143883
3036,92.25164622757951
3037,61.43888428513588
3038,92.22652721159903
3039,61.50905598050108
3040,97.36953077661103
3041,60.64350296281655
3042,92.09156821751533
3043,61.78183668728373
3044,92.07910848334565
3045,61.5310953710391
3046,91.96751713129011
3047,60.10411237736098
3048,90.3859481741946
3049,59.61197979269061
3050,93.37031769700481
3051,61.748086951372784
3052,93.91160670623724
3053,62.004599126839054
3054,93.78204956105587
3055,60.84351861423735
3056,91.17808755064675
3057,60.627714848474525
3058,92.5248963189973
3059,62.34387725631941
3060,93.41439307748152
3061,62.7197891196723
3062,94.58593047031349
3063,61.06490182227141
3064,91.92842513433772
3065,60.972439182144164
3066,94.92744496270497
3067,63.1135064804987
3068,95.85872388770272
3069,63.71975289879901
3070,95.02349665689972
3071,63.990753904721075
3072,99.4109484187887
3073,62.82132496841619
3074,93.01480956300938
3075,63.6161738193521
3076,94.59520128375986
3077,62.99202676358481
3078,93.09903335239343
3079,61.37712853053448
3080,84.29583032899595
3081,61.222430009480654
3082,91.51497446401022
3083,63.535233125333136
3084,93.96330590925567
3085,63.42365419352763
3086,92.79935887858989
3087,62.12250461349518
3088,87.6405974647488
3089,61.44811350146341
3090,92.8124534216439
3091,63.66651533117241
3092,93.59292318999256
3093,63.13372134807034
3094,92.88029676392243
3095,61.86373688335933
3096,86.71993565014431
3097,61.18991876131363
3098,92.66873748938855
3099,63.787367665828455
3100,92.18916556948213
3101,64.10773154647579
3102,92.91694658724064
3103,63.76614130813524
3104,95.26996274335018
3105,62.80079893592831
3106,93.30831527614068
3107,63.66895125602276
3108,92.4652268625961
3109,63.64056104564282
3110,92.5540310133111
3111,62.069224761577644
3112,87.40376969172499
3113,61.30267994498766
3114,94.17264870702111
3115,64.2242869982802
3116,94.82300407791904
3117,64.9245854076724
3118,93.89593384042456
3119,62.79599997487879
3120,88.56378317417186
3121,61.69215453587695
3122,94.7693630238989
3123,64.71848082732443
3124,95.30816855459258
3125,65.77541731237348
3126,94.99718051548031
3127,62.80717879547939
3128,89.14295819611985
3129,62.293523912114004
3130,94.95236742727477
3131,65.69333616891133
3132,96.30903360248323
3133,66.51171772395253
3134,95.87495008368123
3135,64.71578309829711
3136,98.5775965849412
3137,64.02377234047725
3138,95.15429129754182
3139,66.46075117033273
3140,96.12032417154889
3141,66.0050212253139
3142,95.99013018492221
3143,63.06870228002087
3144,89.24699498710834
3145,62.85020451138482
3146,95.39508460125965
3147,66.9563586224134
3148,96.74449267579868
3149,66.18103922621948
3150,96.27929977029115
3151,64.27948168769636
3152,90.88904924876958
3153,63.84240277272972
3154,96.04645361211365
3155,66.62649449169322
3156,96.13945378540059
3157,66.57152390256108
3158,97.01472228809878
3159,64.2763469491329
3160,91.61755984228358
3161,63.478880701877635
3162,96.76749700184568
3163,66.38236480847263
3164,96.25213497564094
3165,66.67675806122958
3166,95.99532709947866
3167,66.29965362280403
3168,97.12143281308477
3169,65.4236519471839
3170,96.75726985119181
3171,66.74009187119971
3172,96.14124692086381
3173,66.2618918256052
3174,97.61451646762237
3175,64.62078173384593
3176,92.0211489875121
3177,64.14186798127099
3178,96.09500580520387
3179,66.45105123251169
3180,98.54532397709296
3181,66.90453396012317
3182,97.2700032036873
3183,65.36204618628727
3184,91.52578528646445
3185,64.23589860569413
3186,98.31215631377407
3187,66.89692059118725
3188,98.96545109456001
3189,67.64796855870854
3190,98.05899989801928
3191,65.28402874980392
3192,90.913409331342
3193,64.48176621764759
3194,98.31801927000295
3195,67.63853460627672
3196,99.51781684978019
3197,68.33587811496903
3198,98.99975139958637
3199,67.40185285649797
3200,99.40217910267455
3201,58.17326076570862
3202,85.50334554075732
3203,59.170408737400486
3204,85.36796361622672
3205,59.02002158422465
3206,86.23164529491689
3207,57.77337132561147
3208,84.6510865475715
3209,56.938351962402365
3210,85.75552921783954
3211,59.284092391244286
3212,85.7254348993385
3213,58.683732662192845
3214,85.34504453136883
3215,57.764850859538946
3216,84.87046859502807
3217,57.22558163672238
3218,85.15971181708498
3219,58.79507650150729
3220,86.43974889970899
3221,58.80356997142033
3222,85.70682436480095
3223,57.779786414729365
3224,85.67339354438151
3225,57.28053578340484
3226,84.38743859356305
3227,58.78358281632818
3228,86.22095302114415
3229,59.30960410278058
3230,86.2312350035735
3231,59.24287484934139
3232,91.46564588601943
3233,57.69273434278527
3234,86.07638170108342
3235,59.15728257210381
3236,85.85921680639711
3237,58.53767706890224
3238,86.0233620482811
3239,57.737768826253344
3240,85.05314511667117
3241,56.98161736150882
3242,87.11650293727013
3243,59.04751635099334
3244,87.57687986696914
3245,59.01313674704519
3246,87.39210523642498
3247,57.66819472179209
3248,86.46436205809307
3249,57.3111293504009
3250,86.35496248146696
3251,58.48527917085621
3252,87.71048189809731
3253,59.147045566907366
3254,86.43568571801865
3255,57.25854416935846
3256,85.5313328175931
3257,56.533312874038685
3258,86.99569283233413
3259,59.518792956264534
3260,87.33598545770337
3261,59.547264843807106
3262,87.77462463880053
3263,58.57379524713904
3264,94.67410622044055
3265,57.579675093397015
3266,87.66823210316716
3267,59.641443535586376
3268,86.74403078464847
3269,59.209114680425785
3270,87.25623339227383
3271,57.29371181529812
3272,84.33756037663491
3273,56.53598960805283
3274,86.23024892371414
3275,59.547403399628536
3276,88.14033832943157
3277,59.36899484848974
3278,88.46082692107701
3279,57.78777120572249
3280,88.14866125964541
3281,57.09419199340762
3282,87.94570795526583
3283,59.22865265984212
3284,86.92559551270242
3285,59.04207066570222
3286,88.25766248481222
3287,57.804276672384034
3288,87.05046486446156
3289,56.968592992084155
3290,86.80659166252865
3291,59.40501846006948
3292,87.72080178719145
3293,59.70221281106465
3294,87.55511707841396
3295,59.247768417313374
3296,93.14771439243945
3297,58.457821446718384
3298,87.58485644223965
3299,60.060659476057836
3300,88.16785922332933
3301,59.486266496369964
3302,87.57549081213872
3303,58.19822518696183
3304,90.50749051697454
3305,58.876184680233784
3306,88.0936213050666
3307,59.81629341968929
3308,89.00861465823867
3309,60.40654798175712
3310,88.56955316536646
3311,58.8410774353197
3312,99.98183745913036
3313,59.50511814050014
3314,88.88851382766173
3315,60.784277867944745
3316,89.6542369133756
3317,61.269200373663296
3318,89.29197032163589
3319,59.49742547708549
3320,93.33706411815848
3321,60.340036219541894
3322,89.93044673913393
3323,61.499969008352174
3324,90.01024030703387
3325,61.835314394994015
3326,89.92149695579474
3327,61.68134648659407
3328,102.93544229464536
3329,61.47321331212707
3330,90.60953870014403
3331,61.695870574766175
3332,90.44966475400776
3333,61.437807866983206
3334,88.91818050549186
3335,59.39918548733199
3336,90.34811137518305
3337,59.89679027286449
3338,89.22642661021173
3339,61.56094957118888
3340,89.75438852926689
3341,61.01207062843688
3342,89.02287864265935
3343,59.211616821594184
3344,94.97351367203947
3345,59.90344364264195
3346,89.08825376218697
3347,61.3893643359591
3348,89.18393323769693
3349,61.08809531936185
3350,89.95579877949156
3351,59.34050913697203
3352,88.3990440148294
3353,59.30152678483277
3354,88.50902372459979
3355,61.13364488193971
3356,89.11749252492395
3357,61.114713755942894
3358,89.17171757042411
3359,61.08254902733922
3360,96.49946411211079
3361,61.21529592912956
3362,88.66465930904806
3363,61.63842269080848
3364,89.3274416742222
3365,61.4070812010535
3366,89.79579100019106
3367,59.46935718935478
3368,89.56576651592742
3369,59.66401591041657
3370,89.3160808740995
3371,61.37488897736521
3372,89.61390539795273
3373,62.20883842398288
3374,89.27328522425525
3375,59.80801093392617
3376,96.07429547425448
3377,59.9299200825239
3378,89.65178861078276
3379,61.57074111107137
3380,90.00844059609061
3381,62.524517543085096
3382,89.70545049410067
3383,59.339635210712956
3384,90.47807556242455
3385,59.58578915487531
3386,90.17101530336399
3387,62.14251601828789
3388,90.413640662118
3389,62.56003593526365
3390,90.67933991811793
3391,61.37306718323174
3392,97.21201776788911
3393,61.811974247572614
3394,90.29968799473028
3395,62.29156261382075
3396,90.59894502700406
3397,62.4083801843135
3398,90.60936549224006
3399,60.34793131999347
3400,89.53594949461485
3401,60.05959318694664
3402,89.86955933142522
3403,62.58169102328269
3404,90.50781305420169
3405,62.410379547560716
3406,89.8596822736993
3407,60.562313671841814
3408,96.8916549096793
3409,60.95810105208263
3410,89.80117779238577
3411,62.36316695156884
3412,89.84396544066577
3413,62.23982292150553
3414,89.14784423041453
3415,60.7788924067017
3416,90.01486281166302
3417,60.96264772093975
3418,90.173060281641
3419,62.76293946510657
3420,90.98540168470788
3421,63.16209526714224
3422,91.34225619564538
3423,62.87714198666584
3424,97.50759171286867
3425,63.20785773419815
3426,90.73939211937824
3427,62.91498086232108
3428,92.0384003543727
3429,63.20136540115658
3430,92.27740990171503
3431,61.44514507684736
3432,90.85319519888756
3433,61.40886655911632
3434,91.99694450453696
3435,63.30420421514384
3436,92.74483773550311
3437,63.96873201621508
3438,93.26487250228952
3439,62.25349375454882
3440,99.87461033520157
3441,62.661952332665
3442,92.86245905304285
3443,63.93264752422134
3444,93.01686088916358
3445,64.24846170314858
3446,93.01256663732461
3447,62.54366729036996
3448,90.23041908477745
3449,62.913812851604845
3450,94.14197313292105
3451,64.51493786117695
3452,94.29034960749618
3453,65.13986740649447
3454,94.06409930869478
3455,64.63742478925249
3456,101.645676365966
3457,64.75356231258596
3458,93.7263719017125
3459,64.92146568780711
3460,94.6400393892208
3461,64.74009048936196
3462,93.6697806485175
3463,62.58504174885577
3464,88.39343089537947
3465,62.30039527733979
3466,94.38183718635129
3467,64.69921665228122
3468,94.09290765414703
3469,64.29838513150426
3470,93.54066246567656
3471,63.03715534361068
3472,97.96002715747778
3473,63.13574231526863
3474,92.67934534646398
3475,64.36305808274882
3476,94.44946819900136
3477,64.08552014524874
3478,92.93363876558162
3479,62.840065547093005
3480,87.54593317341059
3481,62.62890781680955
3482,92.89796658064003
3483,64.41092089722716
3484,93.06324982453566
3485,64.97309512397301
3486,92.76220948391487
3487,64.64004898173744
3488,99.70400982263672
3489,64.65388412498257
3490,93.84835351680911
3491,64.9571691351709
3492,93.84309635468396
3493,64.47449590565496
3494,94.2502309296834
3495,63.186881307096264
3496,87.65174686670655
3497,62.75363349087093
3498,94.11526314135625
3499,65.0540463672681
3500,94.58865232886772
3501,65.38127668982027
3502,93.51856387862827
3503,63.511766925602544
3504,99.23691092497332
3505,63.63264658920432
3506,93.57729732426408
3507,64.95093390414615
3508,94.6356718219916
3509,65.40822900686588
3510,93.74543159354447
3511,63.23546736212242
3512,89.91393758310373
3513,63.35374839684241
3514,94.36005886923867
3515,65.1292276154563
3516,94.27293735731294
3517,65.69157109989082
3518,94.2806897855099
3519,64.78157375113676
3520,96.25563642167992
3521,64.37521059525783
3522,94.4596104965351
3523,65.61812116483829
3524,95.76346375850856
3525,65.32481799477345
3526,94.04039852768246
3527,63.04233382381861
3528,84.86388316489771
3529,62.39525460040397
3530,94.49243951296482
3531,65.66254217292554
3532,95.34372211815149
3533,65.15402200860231
3534,95.66314118598264
3535,63.95323147129525
3536,94.99796533907485
3537,63.44312074928293
3538,95.23597498846274
3539,65.44586770806039
3540,95.93342907929916
3541,65.31002147358961
3542,95.7084269591907
3543,64.30367165635221
3544,86.31199192533931
3545,63.623093919059485
3546,95.11211080999375
3547,65.87291152277484
3548,95.7629196713103
3549,66.65004183112616
3550,96.58700545849352
3551,66.51253276356863
3552,96.60715640572629
3553,65.55425062591588
3554,96.44065748877317
3555,66.60368012285662
3556,97.09589525869566
3557,66.43521457219612
3558,97.01652326879687
3559,64.8180251520441
3560,88.58737340489516
3561,64.33647155401763
3562,97.6224329571401
3563,66.80443281642084
3564,98.60351888341567
3565,67.09275242419388
3566,98.78035823029279
3567,65.68594170895189
3568,96.25494136730356
3569,65.59665751466989
3570,98.94894491783033
3571,67.80663081547902
3572,99.48548486682954
3573,68.71768712167508
3574,99.88139232029144
3575,66.52233739559748
3576,89.22768203599217
3577,66.24175755196045
3578,100.01894344645933
3579,69.2246381030331
3580,101.87895770930866
3581,70.17980330431735
3582,101.70019250037981
3583,70.08007260192493
3584,113.5295375009319
3585,62.15816263741265
3586,88.74443287345537
3587,61.95938503896353
3588,88.9072064730875
3589,61.3381688529045
3590,87.9502891994834
3591,59.4520869852075
3592,87.6730302025723
3593,59.39063236396645
3594,87.29625003625132
3595,61.3827749637164
3596,87.9156178298659
3597,60.456381011946846
3598,87.23393737030166
3599,59.09240383010159
3600,97.51069940478459
3601,59.470094506381514
3602,86.180655697924
3603,60.628767977459816
3604,87.38346913702861
3605,60.668585691629296
3606,86.55200995896566
3607,58.78784376217079
3608,88.8248365115827
3609,59.270592520551034
3610,86.69672551139945
3611,60.124461200315764
3612,87.3977646216173
3613,60.884462854599384
3614,86.51281481424125
3615,60.582003604263114
3616,98.5570278146685
3617,61.08063089542186
3618,88.07588353585164
3619,60.773752632309
3620,87.5775705499497
3621,60.21364066444149
3622,86.70378236443982
3623,59.063798944377716
3624,89.19371990610125
3625,59.17609187731188
3626,86.4810531385117
3627,60.572460197124116
3628,87.63102351062408
3629,60.90946480287405
3630,87.27516193474692
3631,59.35370105778816
3632,99.2329413582418
3633,59.81986308745364
3634,85.74731097691622
3635,60.51363099923233
3636,87.3931077671818
3637,60.84744234760495
3638,87.5005259052999
3639,59.189535888830356
3640,87.26503768765053
3641,59.53836009279937
3642,86.70484399189372
3643,60.892774671216394
3644,87.70296510933336
3645,61.28126559006428
3646,88.29812530805434
3647,60.68431758934363
3648,100.19600156284403
3649,61.374216137759134
3650,86.55497616970564
3651,60.83225771217301
3652,88.28641240848792
3653,60.78478286282671
3654,88.35299599226414
3655,59.174225950122604
3656,90.41348740048977
3657,59.52010743375572
3658,85.9160645855473
3659,61.1824402786815
3660,88.75804996425215
3661,60.76794937936501
3662,87.40484359937723
3663,59.51071987503002
3664,99.8296005873087
3665,60.49585138837813
3666,87.96787937477478
3667,61.219254287772515
3668,88.68373257904223
3669,61.094554142967695
3670,88.4626126266594
3671,60.19509419533845
3672,91.9614547860745
3673,60.490079018361016
3674,86.26238155503256
3675,60.866339072601015
3676,89.26070261569402
3677,61.538911485927585
3678,88.80504411121731
3679,61.51267938586147
3680,101.03007519553238
3681,61.61142860874966
3682,89.69620014491846
3683,61.786810040146044
3684,89.74153186303623
3685,61.6435549296387
3686,88.35629796124701
3687,60.119294469450544
3688,92.49140609386986
3689,60.70072195781062
3690,88.60424264290361
3691,61.650278640404835
3692,90.73043879466425
3693,62.243836858426086
3694,90.38373837870014
3695,61.059287477396204
3696,101.04689142905634
3697,61.8043150088158
3698,88.85196408247245
3699,62.587313738351796
3700,91.89510041524277
3701,63.1319089246685
3702,90.56174536860686
3703,60.9558280612777
3704,89.82622711849093
3705,61.7120489851077
3706,91.26105729505595
3707,63.164241609811484
3708,90.37871447305174
3709,63.357032628886145
3710,92.58863092172126
3711,62.99235066703944
3712,103.44439852698372
3713,63.657612709184626
3714,89.92262357159038
3715,63.11328667405403
3716,91.87997513727638
3717,62.97877180077885
3718,91.04763067285378
3719,60.84532261272563
3720,91.28091586755986
3721,61.12885142920549
3722,89.64016394540364
3723,63.365479121717165
3724,89.80529876988108
3725,62.762328460147586
3726,89.82493606569541
3727,61.42807679288894
3728,101.75434400868792
3729,61.99790009661234
3730,90.44944563262536
3731,63.21183440962491
3732,89.42085957118799
3733,62.798296289879026
3734,88.8758122056006
3735,61.27260233607639
3736,92.8369199093971
3737,61.741075454054034
3738,88.87763961228244
3739,63.217251098850696
3740,92.29666725993265
3741,63.624002731493285
3742,89.89275810649052
3743,62.99467140030621
3744,103.65158147357575
3745,63.70609095213133
3746,91.87843443246435
3747,63.79220782064819
3748,91.26725464060473
3749,63.18995054463318
3750,91.3694163355761
3751,61.98899560739735
3752,93.09635053139064
3753,62.50636988565496
3754,90.89493664613029
3755,63.58889310189833
3756,92.56650798770326
3757,64.01574204740207
3758,92.49463053627586
3759,62.05686034549799
3760,104.0338064705204
3761,62.65625141850796
3762,90.4902096622362
3763,63.46340713909002
3764,93.26173210764182
3765,64.57304514519141
3766,91.17586442789614
3767,61.55103990099661
3768,93.15995765753443
3769,62.27163742148765
3770,91.57417265437068
3771,64.44312037245847
3772,92.45036772351553
3773,64.19537412533667
3774,93.43572449448963
3775,63.201142892699984
3776,105.17619294032517
3777,63.6694321619586
3778,93.129273722348
3779,64.41985065878497
3780,92.32097198921345
3781,63.81339294543764
3782,91.63128669409033
3783,61.28721127289723
3784,93.62808915599719
3785,61.19904962779767
3786,90.74403459638422
3787,63.825803487356424
3788,91.06218898582648
3789,63.32397485615475
3790,91.70392847800052
3791,61.774500204602596
3792,105.2062623537449
3793,61.81551653366772
3794,91.86409463144098
3795,63.70617196539109
3796,90.86096757084003
3797,63.3026915712127
3798,92.58884097650831
3799,61.73148394955472
3800,92.38252037642381
3801,62.03546894447854
3802,91.37020672744573
3803,63.08880868064041
3804,91.57179259571558
3805,63.643042215905204
3806,92.28544405185104
3807,63.672220082818356
3808,105.62351638735586
3809,63.6279680582691
3810,91.24914213603175
3811,63.632172291289244
3812,92.1253606945854
3813,62.89439643856134
3814,92.17809861045443
3815,62.36277547467632
3816,94.44512110982747
3817,62.29979178995843
3818,92.45040671661265
3819,63.173422707173266
3820,91.58497304130738
3821,63.51750603108501
3822,93.33301969893813
3823,62.611898380129134
3824,106.24340711060094
3825,62.391303755603424
3826,92.32606654253124
3827,63.52263344722435
3828,92.51867449805607
3829,63.59879368100205
3830,93.18797271778678
3831,62.485952414371305
3832,93.64398928563585
3833,62.90110579794286
3834,92.85418075386022
3835,63.97751793287063
3836,92.30441225057093
3837,64.34093309623809
3838,93.4724519257947
3839,64.66786322753295
3840,108.13127965151467
3841,64.56662479826126
3842,92.78675448920836
3843,64.41954948960598
3844,91.89870831973452
3845,64.28245231598683
3846,92.7003572718969
3847,62.791423142896406
3848,94.58105464498817
3849,62.82329570379796
3850,91.7374730726145
3851,64.66724983101017
3852,94.79086702055685
3853,64.35595086426865
3854,91.3199140906704
3855,63.198570756397466
3856,108.03682337587881
3857,63.88580299159957
3858,90.837879878984
3859,64.86086918786964
3860,94.01348199545404
3861,64.65776513984228
3862,92.13834469460049
3863,63.560204785395264
3864,96.56910410967124
3865,63.38896722864401
3866,93.03215520249626
3867,65.08217479534682
3868,92.78259516499757
3869,65.53855735222712
3870,93.31146559070766
3871,64.95089800938341
3872,108.42258582075752
3873,65.22603213010365
3874,94.38149618148606
3875,65.86648937809564
3876,91.63397840053554
3877,65.56949548433518
3878,93.47239299244104
3879,63.97078371407576
3880,98.75904468148076
3881,64.18766795667578
3882,93.22094856586507
3883,65.7865352526881
3884,96.38426266843231
3885,66.32182839701461
3886,93.38772021414805
3887,64.59698002931646
3888,108.9847862599387
3889,64.92220993128514
3890,94.2523763519932
3891,66.69981700007445
3892,97.02316350241293
3893,67.56393336831249
3894,96.41945877969361
3895,64.14854049674928
3896,99.62060681757391
3897,64.50022299164745
3898,95.99939397569592
3899,67.69177769644531
3900,96.25295951498357
3901,68.44727108692437
3902,97.67817788810802
3903,66.51608654281964
3904,110.81804788243988
3905,66.84281871134519
3906,97.52858014337507
3907,68.76350703184823
3908,95.58757035341422
3909,68.41761579642342
3910,97.18445053548328
3911,65.0801269103222
3912,99.26926427202756
3913,65.51897324599446
3914,96.19935628515317
3915,69.16547168553016
3916,99.49473495303597
3917,68.51162253979966
3918,95.90256362942304
3919,66.11697351104777
3920,110.76611658672361
3921,66.60990412798758
3922,95.46051916630904
3923,68.88908234619504
3924,98.11085334265364
3925,68.73712871554021
3926,99.05252273810517
3927,66.27702445729189
3928,97.007828602692
3929,66.707955343879
3930,98.04780068602646
3931,68.74728917905456
3932,97.80056378862763
3933,69.38591170012238
3934,96.7428476738828
3935,68.86485774549425
3936,111.90180204757594
3937,69.19116105021442
3938,95.50934614583267
3939,69.21709117740998
3940,97.98775634246967
3941,68.81831973443794
3942,99.61024759906996
3943,67.13147450313187
3944,100.15613536092984
3945,66.90120241623431
3946,98.22856173305232
3947,69.04820444545388
3948,98.88078845441814
3949,69.5256941965732
3950,97.06614767965603
3951,67.06721231699248
3952,112.43291319257025
3953,67.845837692298
3954,97.39465071232961
3955,69.31674072714688
3956,101.17563223559772
3957,70.20734345774
3958,98.40253306200447
3959,67.59897879729452
3960,100.73963866750378
3961,67.84755947366453
3962,100.12660001996444
3963,70.10573031021883
3964,99.61352675870694
3965,70.81330234419237
3966,102.11830646851968
3967,69.75135107375921
3968,113.38106056041347
3969,59.26457432433033
3970,89.81519454678417
3971,59.949880804523325
3972,90.66844398654356
3973,59.275874911493204
3974,89.23872331499882
3975,57.42570169734577
3976,91.51664083355077
3977,57.88920399104635
3978,87.41266111330778
3979,59.58125713671054
3980,88.66666941001365
3981,58.90697819385421
3982,88.8878805781931
3983,58.04636150510898
3984,102.28769027727897
3985,58.24936354020229
3986,87.99323297871423
3987,58.817087089359156
3988,88.48673025639663
3989,58.43509159289829
3990,88.54141562497931
3991,57.78679894672371
3992,94.15132135518033
3993,58.4125255065459
3994,88.61388763049517
3995,59.01541173987167
3996,88.86928006272669
3997,59.09377218572525
3998,87.6471704074581
3999,60.57684845254623
4000,102.99456634179326
4001,59.76318044935674
4002,87.66849877483067
4003,58.38661773776981
4004,88.6304248226369
4005,58.78313530144213
4006,88.84560089236122
4007,58.49215587008919
4008,94.43639253292255
4009,58.44987131432604
4010,88.48375536503278
4011,58.84402205266038
4012,88.3561314576549
4013,59.01781594127379
4014,89.11584335467674
4015,58.45469711860167
4016,103.1544244604268
4017,58.58994321252813
4018,90.06834647087769
4019,58.776045058151894
4020,89.41367360673587
4021,59.12727454185875
4022,88.55321594470341
4023,57.706308764021
4024,96.36309395122998
4025,58.05144952451225
4026,88.1420319101956
4027,59.24827703207537
4028,88.1683285821385
4029,59.09108518385285
4030,89.28865703479582
4031,59.77051782823984
4032,105.68218892417418
4033,59.26956075257151
4034,88.7871489510483
4035,59.57748631974318
4036,90.28106354299214
4037,59.15648719967826
4038,88.1207162944928
4039,58.11334977718341
4040,94.02449945341682
4041,58.32115950177885
4042,86.7189721880313
4043,59.92946027570711
4044,89.52169224161912
4045,59.501215084183706
4046,90.2151354051198
4047,59.26820718624103
4048,105.02178433659358
4049,59.59865469840568
4050,89.79628258921413
4051,60.186558686386476
4052,90.53380955952544
4053,59.95613982688915
4054,90.02500997884663
4055,59.96967177384296
4056,97.19906984416963
4057,60.32830038366705
4058,91.56085286635485
4059,60.824213080234436
4060,92.11402134013785
4061,61.45152674646997
4062,91.43917212937903
4063,63.50612259960971
4064,105.00999758557138
4065,62.52471654946546
4066,91.5666033015899
4067,61.44367040179325
4068,93.73935259055537
4069,61.2891426152219
4070,92.5262085223379
4071,60.263001815658136
4072,97.18911958568712
4073,60.14709458881422
4074,93.30375330775851
4075,61.86805329053363
4076,93.23907422816806
4077,62.115631654057346
4078,92.5841706153815
4079,60.00761425705305
4080,105.36480808703799
4081,60.85506512030971
4082,94.39566850853201
4083,63.371703213180766
4084,96.84977294666261
4085,64.37742165609313
4086,96.71052386912783
4087,60.73254618655809
4088,97.11268653092081
4089,61.577482922635156
4090,95.80781023998445
4091,64.73894564187744
4092,96.61244592828245
4093,65.15600938383108
4094,95.94875145882071
4095,65.64659407947087
4096,108.46300939490314
